ticker,date,open,high,low,close
QTUM,2017-11-25,27.9,27.9,13.5,18.0
QTUM,2017-11-26,18.0,18.0,13.5,13.5
QTUM,2017-11-27,13.5,15.8,13.5,15.5
QTUM,2017-11-28,15.5,15.69,15.5,15.69
QTUM,2017-11-29,15.69,15.96,13.07,13.07
QTUM,2017-11-30,13.07,13.07,12.6,12.6
QTUM,2017-12-01,12.6,14.0,11.52,14.0
QTUM,2017-12-02,14.0,14.0,11.65,11.65
QTUM,2017-12-03,11.65,14.15,11.65,14.09
QTUM,2017-12-04,14.09,14.09,12.1,13.82
QTUM,2017-12-05,13.82,13.99,12.2,12.7
QTUM,2017-12-06,13.92,13.92,12.4,12.4
QTUM,2017-12-07,12.4,13.5,11.5,11.5
QTUM,2017-12-08,12.0,12.0,12.0,12.0
QTUM,2017-12-09,12.0,12.0,12.0,12.0
QTUM,2017-12-10,12.0,13.04,11.5,13.04
QTUM,2017-12-11,13.04,14.4,12.5,12.5
QTUM,2017-12-12,12.5,16.0,12.5,16.0
QTUM,2017-12-13,16.0,21.51,16.0,21.51
QTUM,2017-12-14,21.51,22.92,18.5,20.01
QTUM,2017-12-15,20.01,49.89,20.01,49.89
QTUM,2017-12-16,34.82,48.16,30.12,30.12
QTUM,2017-12-17,30.12,30.12,27.12,29.0
QTUM,2017-12-18,29.0,45.5,26.88,42.18
QTUM,2017-12-19,42.18,73.32,29.85,73.32
QTUM,2017-12-20,73.32,73.32,30.67,66.98
QTUM,2017-12-21,66.98,67.02,51.95,56.11
QTUM,2017-12-22,59.2,59.24,37.34,45.76
QTUM,2017-12-23,45.76,56.7,45.76,47.4
QTUM,2017-12-24,47.1,51.05,43.69,45.52
QTUM,2017-12-25,45.42,50.5,45.42,48.05
QTUM,2017-12-26,48.05,51.32,47.8,50.05
QTUM,2017-12-27,50.05,54.63,47.91,49.0
QTUM,2017-12-28,49.0,49.99,47.7,49.55
QTUM,2017-12-29,49.55,53.26,49.55,51.52
QTUM,2017-12-30,51.52,52.06,48.1,50.82
QTUM,2017-12-31,50.83,52.74,48.3,52.38
QTUM,2018-01-01,52.38,56.02,49.9,56.02
QTUM,2018-01-02,56.02,57.73,46.5,53.22
QTUM,2018-01-03,53.22,55.33,50.5,52.49
QTUM,2018-01-04,52.49,52.49,45.53,45.6
QTUM,2018-01-05,45.6,61.0,44.41,50.05
QTUM,2018-01-06,50.05,74.0,44.88,69.01
QTUM,2018-01-07,69.01,82.0,58.33,61.0
QTUM,2018-01-08,61.0,63.98,47.31,55.02
QTUM,2018-01-09,55.02,58.1,50.0,52.01
QTUM,2018-01-10,52.01,57.0,47.31,52.8
QTUM,2018-01-11,52.85,53.44,40.81,45.0
QTUM,2018-01-12,45.0,51.99,42.85,49.52
QTUM,2018-01-13,49.52,57.99,49.4,55.0
QTUM,2018-01-14,55.0,55.5,47.66,54.0
QTUM,2018-01-15,54.0,58.5,51.02,51.49
QTUM,2018-01-16,51.49,51.49,28.11,34.64
QTUM,2018-01-17,34.64,38.6,26.32,36.11
QTUM,2018-01-18,36.11,39.8,33.03,36.52
QTUM,2018-01-19,36.55,42.66,35.02,38.58
QTUM,2018-01-20,38.58,52.45,37.75,51.57
QTUM,2018-01-21,51.57,52.81,39.43,43.04
QTUM,2018-01-22,43.04,44.28,35.55,39.04
QTUM,2018-01-23,39.04,41.84,35.13,39.05
QTUM,2018-01-24,39.05,42.05,37.7,40.5
QTUM,2018-01-25,40.51,43.93,39.03,40.32
QTUM,2018-01-26,40.32,41.75,35.03,38.41
QTUM,2018-01-27,38.71,40.54,37.93,40.28
QTUM,2018-01-28,40.28,42.9,39.23,42.52
QTUM,2018-01-29,42.52,44.5,40.71,40.94
QTUM,2018-01-30,40.94,41.9,35.01,37.8
QTUM,2018-01-31,37.8,41.01,34.04,40.73
QTUM,2018-02-01,40.73,41.48,33.59,35.03
QTUM,2018-02-02,35.03,35.97,23.0,30.45
QTUM,2018-02-03,30.79,32.51,26.34,30.26
QTUM,2018-02-04,30.92,31.48,24.8,26.66
QTUM,2018-02-05,26.66,26.96,18.61,19.63
QTUM,2018-02-06,19.63,24.1,16.24,23.78
QTUM,2018-02-07,23.78,24.61,20.51,22.58
QTUM,2018-02-08,22.58,25.44,21.4,24.93
QTUM,2018-02-09,24.93,30.93,24.41,29.0
QTUM,2018-02-10,29.0,33.88,27.16,28.81
QTUM,2018-02-11,28.81,28.9,25.11,27.68
QTUM,2018-02-12,27.68,29.93,26.2,29.82
QTUM,2018-02-13,29.82,29.93,27.06,28.92
QTUM,2018-02-14,28.92,32.21,28.36,32.08
QTUM,2018-02-15,32.08,32.98,30.52,31.71
QTUM,2018-02-16,31.71,32.67,30.36,31.61
QTUM,2018-02-17,31.61,32.86,31.53,32.65
QTUM,2018-02-18,32.65,32.7,28.53,30.22
QTUM,2018-02-19,30.22,31.92,29.22,31.2
QTUM,2018-02-20,31.2,32.28,29.0,29.19
QTUM,2018-02-21,29.12,29.7,25.71,26.5
QTUM,2018-02-22,26.5,27.78,24.12,25.0
QTUM,2018-02-23,25.0,26.79,23.84,25.7
QTUM,2018-02-24,25.7,27.54,24.01,24.75
QTUM,2018-02-25,24.75,25.58,24.2,25.14
QTUM,2018-02-26,25.14,29.25,24.15,27.71
QTUM,2018-02-27,27.71,28.88,26.74,27.63
QTUM,2018-02-28,27.63,28.1,25.68,25.74
QTUM,2018-03-01,25.74,26.84,25.24,26.3
QTUM,2018-03-02,26.3,26.57,25.0,25.87
QTUM,2018-03-03,25.87,26.68,25.25,25.46
QTUM,2018-03-04,25.46,26.56,24.83,26.29
QTUM,2018-03-05,26.55,27.52,25.86,26.62
QTUM,2018-03-06,26.62,26.72,24.32,24.58
QTUM,2018-03-07,24.58,25.61,20.15,21.53
QTUM,2018-03-08,21.53,22.12,19.31,19.63
QTUM,2018-03-09,19.63,19.83,17.0,18.98
QTUM,2018-03-10,19.06,19.86,17.79,18.08
QTUM,2018-03-11,18.08,19.56,17.23,19.29
QTUM,2018-03-12,19.29,19.4,17.6,18.09
QTUM,2018-03-13,18.09,18.57,17.52,18.0
QTUM,2018-03-14,18.0,18.65,15.44,15.78
QTUM,2018-03-15,15.78,16.5,14.21,15.48
QTUM,2018-03-16,15.48,15.74,14.55,15.12
QTUM,2018-03-17,15.12,15.24,13.2,13.77
QTUM,2018-03-18,13.77,13.77,10.99,12.95
QTUM,2018-03-19,12.95,18.99,12.94,18.99
QTUM,2018-03-20,18.99,21.87,18.02,20.3
QTUM,2018-03-21,20.3,21.05,18.64,18.65
QTUM,2018-03-22,18.65,19.98,17.6,19.22
QTUM,2018-03-23,19.22,19.5,17.53,18.15
QTUM,2018-03-24,18.15,19.45,17.82,17.97
QTUM,2018-03-25,17.96,18.47,17.3,17.99
QTUM,2018-03-26,17.99,18.31,15.12,15.12
QTUM,2018-03-27,15.12,16.98,14.57,15.77
QTUM,2018-03-28,15.77,16.16,15.0,15.3
QTUM,2018-03-29,15.3,15.69,13.81,14.3
QTUM,2018-03-30,14.3,14.91,13.08,14.58
QTUM,2018-03-31,14.58,14.7,13.98,14.02
QTUM,2018-04-01,14.02,14.24,12.55,13.53
QTUM,2018-04-02,13.53,14.98,13.21,14.14
QTUM,2018-04-03,14.14,15.03,14.14,14.98
QTUM,2018-04-04,14.98,15.08,13.35,13.59
QTUM,2018-04-05,13.59,13.92,12.82,13.11
QTUM,2018-04-06,13.11,13.55,12.49,12.8
QTUM,2018-04-07,12.8,13.37,12.73,13.2
QTUM,2018-04-08,13.2,13.61,13.01,13.38
QTUM,2018-04-09,13.38,14.85,13.03,13.31
QTUM,2018-04-10,13.31,13.65,12.9,13.5
QTUM,2018-04-11,13.5,14.37,13.31,14.21
QTUM,2018-04-12,14.21,16.17,13.58,16.17
QTUM,2018-04-13,16.17,17.59,15.82,15.92
QTUM,2018-04-14,15.92,16.32,15.25,15.96
QTUM,2018-04-15,15.96,17.05,15.75,16.6
QTUM,2018-04-16,16.6,16.97,15.49,15.97
QTUM,2018-04-17,15.97,17.01,15.85,16.31
QTUM,2018-04-18,16.31,17.58,16.15,17.55
QTUM,2018-04-19,17.55,18.6,17.42,18.48
QTUM,2018-04-20,18.48,20.19,18.01,20.03
QTUM,2018-04-21,20.03,20.66,17.85,18.96
QTUM,2018-04-22,18.96,19.89,18.56,19.79
QTUM,2018-04-23,19.79,20.8,19.03,20.4
QTUM,2018-04-24,20.4,23.98,20.37,23.63
QTUM,2018-04-25,23.54,23.54,18.29,20.18
QTUM,2018-04-26,20.18,20.73,18.5,20.44
QTUM,2018-04-27,20.45,21.29,19.86,19.89
QTUM,2018-04-28,19.87,22.0,19.5,21.28
QTUM,2018-04-29,21.28,23.63,20.25,23.12
QTUM,2018-04-30,23.12,25.67,22.35,22.37
QTUM,2018-05-01,22.35,22.56,20.48,21.81
QTUM,2018-05-02,21.91,22.26,21.39,22.19
QTUM,2018-05-03,22.19,23.45,21.67,23.0
QTUM,2018-05-04,22.99,23.7,21.5,22.19
QTUM,2018-05-05,22.19,22.91,21.89,22.42
QTUM,2018-05-06,22.42,23.88,21.46,22.43
QTUM,2018-05-07,22.43,23.28,20.55,21.5
QTUM,2018-05-08,21.5,21.77,20.29,20.72
QTUM,2018-05-09,20.72,20.77,19.01,19.84
QTUM,2018-05-10,19.84,20.1,18.87,18.97
QTUM,2018-05-11,18.97,18.97,15.38,15.94
QTUM,2018-05-12,15.94,16.69,14.27,15.8
QTUM,2018-05-13,15.8,17.85,15.68,17.61
QTUM,2018-05-14,17.61,18.7,15.98,18.13
QTUM,2018-05-15,18.13,18.4,16.78,16.96
QTUM,2018-05-16,16.96,16.97,15.62,16.25
QTUM,2018-05-17,16.25,16.93,15.57,15.57
QTUM,2018-05-18,15.57,16.05,14.88,16.0
QTUM,2018-05-19,16.0,16.48,15.44,15.9
QTUM,2018-05-20,15.9,17.13,15.81,16.96
QTUM,2018-05-21,16.96,17.2,15.94,16.17
QTUM,2018-05-22,16.17,16.24,15.08,15.11
QTUM,2018-05-23,15.11,15.12,13.06,13.63
QTUM,2018-05-24,13.63,13.77,12.5,13.59
QTUM,2018-05-25,13.59,14.07,12.99,13.13
QTUM,2018-05-26,13.13,13.65,13.0,13.37
QTUM,2018-05-27,13.37,13.37,12.9,13.0
QTUM,2018-05-28,13.0,13.3,12.26,12.26
QTUM,2018-05-29,12.26,13.37,12.0,13.37
QTUM,2018-05-30,13.37,13.55,12.67,12.78
QTUM,2018-05-31,12.78,13.61,12.78,13.4
QTUM,2018-06-01,13.4,14.22,13.13,13.79
QTUM,2018-06-02,13.79,14.79,13.79,14.55
QTUM,2018-06-03,14.55,14.86,14.43,14.59
QTUM,2018-06-04,14.59,14.8,13.4,13.65
QTUM,2018-06-05,13.65,13.99,13.17,13.82
QTUM,2018-06-06,13.8,13.95,13.38,13.67
QTUM,2018-06-07,13.67,13.93,13.5,13.6
QTUM,2018-06-08,13.6,13.63,13.12,13.46
QTUM,2018-06-09,13.46,14.19,13.15,13.16
QTUM,2018-06-10,13.16,13.2,11.47,11.47
QTUM,2018-06-11,11.47,11.6,11.1,11.47
QTUM,2018-06-12,11.47,12.69,10.84,11.04
QTUM,2018-06-13,11.04,11.28,9.96,10.33
QTUM,2018-06-14,10.33,11.28,10.32,11.16
QTUM,2018-06-15,11.16,11.16,10.59,10.64
QTUM,2018-06-16,10.64,10.72,10.27,10.65
QTUM,2018-06-17,10.65,10.78,10.44,10.44
QTUM,2018-06-18,10.44,10.73,10.07,10.7
QTUM,2018-06-19,10.7,10.9,10.36,10.51
QTUM,2018-06-20,10.51,10.72,10.01,10.3
QTUM,2018-06-21,10.3,10.65,10.12,10.17
QTUM,2018-06-22,10.16,10.66,8.76,8.88
QTUM,2018-06-23,8.88,9.03,8.53,8.91
QTUM,2018-06-24,8.91,8.91,7.43,8.18
QTUM,2018-06-25,8.18,8.47,7.81,8.37
QTUM,2018-06-26,8.37,9.42,7.95,8.75
QTUM,2018-06-27,8.75,9.36,8.12,8.75
QTUM,2018-06-28,8.75,8.85,7.93,8.02
QTUM,2018-06-29,8.02,8.07,7.53,7.76
QTUM,2018-06-30,7.76,8.78,7.76,8.33
QTUM,2018-07-01,8.33,8.91,8.3,8.52
QTUM,2018-07-02,8.54,9.33,8.34,9.25
QTUM,2018-07-03,9.25,9.49,8.9,9.02
QTUM,2018-07-04,9.02,9.33,8.56,9.11
QTUM,2018-07-05,9.11,9.22,8.5,8.6
QTUM,2018-07-06,8.6,9.01,8.4,8.85
QTUM,2018-07-07,8.85,9.48,8.76,8.76
QTUM,2018-07-08,8.76,9.32,8.76,9.01
QTUM,2018-07-09,9.01,9.18,8.73,8.78
QTUM,2018-07-10,8.78,8.86,7.78,7.95
QTUM,2018-07-11,7.95,7.99,7.58,7.7
QTUM,2018-07-12,7.7,7.83,7.38,7.45
QTUM,2018-07-13,7.45,7.76,7.34,7.64
QTUM,2018-07-14,7.64,7.76,7.48,7.64
QTUM,2018-07-15,7.67,7.93,7.59,7.91
QTUM,2018-07-16,7.91,8.4,7.7,8.33
QTUM,2018-07-17,8.33,9.34,8.08,8.91
QTUM,2018-07-18,8.91,11.11,8.51,8.66
QTUM,2018-07-19,8.66,8.66,8.29,8.44
QTUM,2018-07-20,8.44,8.5,7.71,7.84
QTUM,2018-07-21,7.84,7.99,7.48,7.99
QTUM,2018-07-22,7.99,8.27,7.74,7.8
QTUM,2018-07-23,7.8,8.24,7.72,7.78
QTUM,2018-07-24,7.78,8.25,7.59,8.19
QTUM,2018-07-25,8.19,8.28,7.99,8.05
QTUM,2018-07-26,8.05,8.28,7.82,7.83
QTUM,2018-07-27,7.83,7.91,7.6,7.91
QTUM,2018-07-28,7.91,7.99,7.63,7.73
QTUM,2018-07-29,7.73,7.83,7.62,7.71
QTUM,2018-07-30,7.71,7.79,7.15,7.36
QTUM,2018-07-31,7.35,7.4,6.81,6.88
QTUM,2018-08-01,6.88,6.94,6.54,6.61
QTUM,2018-08-02,6.61,6.96,6.36,6.41
QTUM,2018-08-03,6.41,6.44,5.95,6.3
QTUM,2018-08-04,6.3,6.54,6.18,6.27
QTUM,2018-08-05,6.27,6.5,6.2,6.5
QTUM,2018-08-06,6.5,6.73,6.34,6.37
QTUM,2018-08-07,6.37,6.51,6.07,6.12
QTUM,2018-08-08,6.12,6.16,5.1,5.13
QTUM,2018-08-09,5.13,5.5,5.1,5.46
QTUM,2018-08-10,5.46,5.47,5.01,5.01
QTUM,2018-08-11,5.01,5.04,4.45,4.77
QTUM,2018-08-12,4.77,4.84,4.61,4.67
QTUM,2018-08-13,4.67,4.72,4.17,4.19
QTUM,2018-08-14,4.19,4.19,3.58,3.98
QTUM,2018-08-15,3.98,4.74,3.98,4.53
QTUM,2018-08-16,4.53,4.65,4.3,4.31
QTUM,2018-08-17,4.31,4.94,4.31,4.85
QTUM,2018-08-18,4.85,5.2,4.31,4.41
QTUM,2018-08-19,4.41,4.7,4.41,4.63
QTUM,2018-08-20,4.63,4.67,4.36,4.44
QTUM,2018-08-21,4.44,4.44,4.04,4.27
QTUM,2018-08-22,4.27,4.52,4.03,4.06
QTUM,2018-08-23,4.06,4.17,4.01,4.13
QTUM,2018-08-24,4.15,4.25,4.08,4.2
QTUM,2018-08-25,4.2,4.37,4.12,4.21
QTUM,2018-08-26,4.21,4.23,4.02,4.1
QTUM,2018-08-27,4.1,4.42,4.1,4.4
QTUM,2018-08-28,4.4,4.96,4.4,4.81
QTUM,2018-08-29,4.81,5.24,4.62,5.05
QTUM,2018-08-30,5.05,5.05,4.42,4.61
QTUM,2018-08-31,4.61,4.76,4.54,4.73
QTUM,2018-09-01,4.73,5.07,4.71,4.96
QTUM,2018-09-02,4.96,5.0,4.61,4.73
QTUM,2018-09-03,4.73,4.81,4.62,4.75
QTUM,2018-09-04,4.76,4.93,4.7,4.82
QTUM,2018-09-05,4.82,4.82,4.02,4.07
QTUM,2018-09-06,4.07,4.07,3.54,3.9
QTUM,2018-09-07,3.9,4.04,3.75,3.96
QTUM,2018-09-08,3.96,3.99,3.57,3.6
QTUM,2018-09-09,3.6,3.77,3.45,3.68
QTUM,2018-09-10,3.68,3.68,3.48,3.57
QTUM,2018-09-11,3.57,3.62,3.27,3.33
QTUM,2018-09-12,3.33,3.41,3.09,3.3
QTUM,2018-09-13,3.3,3.56,3.28,3.47
QTUM,2018-09-14,3.47,3.64,3.33,3.49
QTUM,2018-09-15,3.49,3.6,3.4,3.48
QTUM,2018-09-16,3.48,3.52,3.37,3.44
QTUM,2018-09-17,3.44,3.5,2.41,3.14
QTUM,2018-09-18,3.14,3.35,3.1,3.3
QTUM,2018-09-19,3.3,3.34,3.17,3.28
QTUM,2018-09-20,3.28,3.42,3.21,3.42
QTUM,2018-09-21,3.42,4.05,3.41,3.86
QTUM,2018-09-22,3.86,4.09,3.28,3.79
QTUM,2018-09-23,3.79,4.37,3.59,4.09
QTUM,2018-09-24,4.09,4.19,3.45,3.91
QTUM,2018-09-25,3.91,3.93,2.71,3.63
QTUM,2018-09-26,3.63,3.75,2.67,3.71
QTUM,2018-09-27,3.71,4.17,2.82,4.12
QTUM,2018-09-28,4.12,4.12,3.77,3.9
QTUM,2018-09-29,3.9,3.94,3.64,3.91
QTUM,2018-09-30,3.91,3.93,3.68,3.82
QTUM,2018-10-01,3.82,3.93,3.48,3.86
QTUM,2018-10-02,3.86,3.94,3.47,3.85
QTUM,2018-10-03,3.85,3.85,3.52,3.7
QTUM,2018-10-04,3.69,3.87,3.33,3.79
QTUM,2018-10-05,3.79,3.85,3.1,3.77
QTUM,2018-10-06,3.77,3.86,1.97,3.51
QTUM,2018-10-07,3.46,3.83,2.8,3.81
QTUM,2018-10-08,3.81,3.94,3.76,3.92
QTUM,2018-10-09,3.92,3.92,3.54,3.86
QTUM,2018-10-10,3.86,4.38,2.95,4.0
QTUM,2018-10-11,4.0,4.01,3.4,3.55
QTUM,2018-10-12,3.55,3.55,2.94,3.46
QTUM,2018-10-13,3.34,4.23,2.19,3.44
QTUM,2018-10-14,3.44,3.68,3.26,3.51
QTUM,2018-10-15,3.51,3.92,3.22,3.65
QTUM,2018-10-16,3.65,3.85,3.45,3.58
QTUM,2018-10-17,3.58,4.22,3.56,4.0
QTUM,2018-10-18,4.0,4.12,3.75,3.81
QTUM,2018-10-19,3.81,4.08,3.75,3.92
QTUM,2018-10-20,3.92,4.42,3.79,4.02
QTUM,2018-10-21,4.02,4.48,3.84,4.31
QTUM,2018-10-22,4.31,5.37,4.16,4.3
QTUM,2018-10-23,4.3,4.54,4.02,4.12
QTUM,2018-10-24,4.12,4.37,4.08,4.17
QTUM,2018-10-25,4.17,4.24,3.98,4.07
QTUM,2018-10-26,4.07,4.18,3.9,3.97
QTUM,2018-10-27,3.97,4.39,3.94,3.95
QTUM,2018-10-28,3.95,4.45,3.9,4.01
QTUM,2018-10-29,4.01,4.1,3.71,3.78
QTUM,2018-10-30,3.78,3.84,3.7,3.77
QTUM,2018-10-31,3.77,3.88,3.71,3.84
QTUM,2018-11-01,3.84,3.89,3.51,3.88
QTUM,2018-11-02,3.88,3.97,3.84,3.93
QTUM,2018-11-03,3.93,3.95,3.39,3.88
QTUM,2018-11-04,3.88,4.08,3.4,4.02
QTUM,2018-11-05,4.02,4.02,3.7,3.9
QTUM,2018-11-06,3.9,4.01,3.68,4.0
QTUM,2018-11-07,4.0,4.29,3.99,4.07
QTUM,2018-11-08,4.07,4.15,3.63,3.99
QTUM,2018-11-09,3.99,4.03,3.85,3.85
QTUM,2018-11-10,3.85,3.95,3.83,3.95
QTUM,2018-11-11,3.95,3.95,3.75,3.79
QTUM,2018-11-12,3.79,3.9,3.75,3.83
QTUM,2018-11-13,3.83,3.85,3.69,3.74
QTUM,2018-11-14,3.74,3.8,3.06,3.28
QTUM,2018-11-15,3.28,3.35,2.95,3.17
QTUM,2018-11-16,3.17,3.25,3.02,3.06
QTUM,2018-11-17,3.06,3.13,2.11,3.08
QTUM,2018-11-18,3.08,3.17,3.04,3.11
QTUM,2018-11-19,3.11,3.12,2.49,2.53
QTUM,2018-11-20,2.53,2.64,2.17,2.41
QTUM,2018-11-21,2.41,2.53,2.31,2.48
QTUM,2018-11-22,2.48,2.54,2.34,2.38
QTUM,2018-11-23,2.38,2.39,2.19,2.3
QTUM,2018-11-24,2.3,2.41,2.03,2.03
QTUM,2018-11-25,2.03,2.16,1.84,2.09
QTUM,2018-11-26,2.09,2.16,1.82,1.92
QTUM,2018-11-27,1.92,1.99,1.82,1.94
QTUM,2018-11-28,1.94,2.26,1.91,2.15
QTUM,2018-11-29,2.15,2.29,2.05,2.13
QTUM,2018-11-30,2.13,2.15,1.92,1.98
QTUM,2018-12-01,1.98,2.18,1.97,2.17
QTUM,2018-12-02,2.17,2.18,2.06,2.13
QTUM,2018-12-03,2.13,2.14,1.74,1.95
QTUM,2018-12-04,1.95,2.04,1.87,1.96
QTUM,2018-12-05,1.96,2.01,1.84,1.88
QTUM,2018-12-06,1.88,1.89,1.71,1.75
QTUM,2018-12-07,1.75,1.75,1.46,1.59
QTUM,2018-12-08,1.59,1.72,1.5,1.72
QTUM,2018-12-09,1.7,1.75,1.59,1.67
QTUM,2018-12-10,1.67,1.71,1.54,1.56
QTUM,2018-12-11,1.56,1.81,1.53,1.63
QTUM,2018-12-12,1.63,1.8,1.58,1.7
QTUM,2018-12-13,1.7,2.0,1.62,1.75
QTUM,2018-12-14,1.75,1.85,1.69,1.75
QTUM,2018-12-15,1.75,1.75,1.64,1.7
QTUM,2018-12-16,1.7,1.79,1.7,1.76
QTUM,2018-12-17,1.76,2.24,1.67,2.14
QTUM,2018-12-18,2.14,2.17,1.95,2.15
QTUM,2018-12-19,2.15,2.52,2.11,2.19
QTUM,2018-12-20,2.19,2.5,2.19,2.42
QTUM,2018-12-21,2.42,2.5,2.25,2.28
QTUM,2018-12-22,2.28,2.38,2.19,2.33
QTUM,2018-12-23,2.33,2.75,2.3,2.62
QTUM,2018-12-24,2.62,3.04,2.6,2.74
QTUM,2018-12-25,2.74,2.78,2.3,2.44
QTUM,2018-12-26,2.44,2.97,2.33,2.42
QTUM,2018-12-27,2.42,2.51,2.08,2.08
QTUM,2018-12-28,2.08,2.53,2.04,2.35
QTUM,2018-12-29,2.35,2.45,2.28,2.44
QTUM,2018-12-30,2.44,2.46,2.19,2.37
QTUM,2018-12-31,2.37,2.37,2.13,2.2
QTUM,2019-01-01,2.2,2.29,2.1,2.19
QTUM,2019-01-02,2.19,2.41,2.19,2.34
QTUM,2019-01-03,2.34,2.43,2.17,2.26
QTUM,2019-01-04,2.26,2.33,2.19,2.3
QTUM,2019-01-05,2.3,2.35,2.23,2.25
QTUM,2019-01-06,2.25,2.45,2.23,2.32
QTUM,2019-01-07,2.32,2.41,2.24,2.32
QTUM,2019-01-08,2.32,2.41,2.24,2.29
QTUM,2019-01-09,2.29,2.54,2.29,2.52
QTUM,2019-01-10,2.52,2.64,2.09,2.14
QTUM,2019-01-11,2.14,2.19,2.05,2.15
QTUM,2019-01-12,2.15,2.43,2.05,2.26
QTUM,2019-01-13,2.26,2.31,2.02,2.06
QTUM,2019-01-14,2.06,2.21,2.03,2.2
QTUM,2019-01-15,2.2,2.21,2.06,2.07
QTUM,2019-01-16,2.07,2.16,2.07,2.1
QTUM,2019-01-17,2.1,2.14,2.07,2.13
QTUM,2019-01-18,2.13,2.16,2.06,2.07
QTUM,2019-01-19,2.07,2.2,2.06,2.17
QTUM,2019-01-20,2.17,2.2,1.98,2.03
QTUM,2019-01-21,2.03,2.07,2.0,2.02
QTUM,2019-01-22,2.02,2.12,1.97,2.06
QTUM,2019-01-23,2.06,2.13,2.02,2.06
QTUM,2019-01-24,2.06,2.1,2.02,2.07
QTUM,2019-01-25,2.07,2.09,2.04,2.07
QTUM,2019-01-26,2.07,2.13,2.05,2.09
QTUM,2019-01-27,2.12,2.12,1.97,1.99
QTUM,2019-01-28,1.99,2.0,1.79,1.87
QTUM,2019-01-29,1.87,1.9,1.78,1.85
QTUM,2019-01-30,1.85,1.92,1.79,1.91
QTUM,2019-01-31,1.91,1.96,1.81,1.87
QTUM,2019-02-01,1.87,1.89,1.78,1.87
QTUM,2019-02-02,1.87,1.89,1.82,1.83
QTUM,2019-02-03,1.83,1.92,1.81,1.82
QTUM,2019-02-04,1.82,1.84,1.8,1.8
QTUM,2019-02-05,1.8,1.81,1.78,1.81
QTUM,2019-02-06,1.81,1.83,1.7,1.73
QTUM,2019-02-07,1.73,1.8,1.72,1.76
QTUM,2019-02-08,1.76,1.99,1.74,1.91
QTUM,2019-02-09,1.91,2.01,1.9,1.91
QTUM,2019-02-10,1.91,1.97,1.86,1.93
QTUM,2019-02-11,1.93,1.95,1.88,1.94
QTUM,2019-02-12,1.94,1.99,1.88,1.97
QTUM,2019-02-13,1.95,1.99,1.89,1.93
QTUM,2019-02-14,1.93,1.95,1.86,1.91
QTUM,2019-02-15,1.91,1.96,1.86,1.92
QTUM,2019-02-16,1.92,2.02,1.91,1.93
QTUM,2019-02-17,1.93,2.01,1.9,1.94
QTUM,2019-02-18,1.94,2.32,1.93,2.09
QTUM,2019-02-19,2.09,2.22,2.09,2.12
QTUM,2019-02-20,2.12,2.2,2.05,2.18
QTUM,2019-02-21,2.18,2.19,2.04,2.07
QTUM,2019-02-22,2.07,2.16,2.04,2.16
QTUM,2019-02-23,2.16,2.45,2.1,2.34
QTUM,2019-02-24,2.34,2.45,2.0,2.07
QTUM,2019-02-25,2.07,2.17,2.01,2.15
QTUM,2019-02-26,2.15,2.15,2.02,2.07
QTUM,2019-02-27,2.07,2.14,2.01,2.04
QTUM,2019-02-28,2.04,2.12,1.99,2.06
QTUM,2019-03-01,2.06,2.21,2.06,2.12
QTUM,2019-03-02,2.12,2.17,2.04,2.11
QTUM,2019-03-03,2.11,2.11,2.01,2.05
QTUM,2019-03-04,2.05,2.06,1.93,1.96
QTUM,2019-03-05,1.96,2.09,1.93,2.08
QTUM,2019-03-06,2.06,2.1,2.01,2.04
QTUM,2019-03-07,2.04,2.14,2.03,2.07
QTUM,2019-03-08,2.07,2.2,2.04,2.13
QTUM,2019-03-09,2.13,2.24,2.09,2.17
QTUM,2019-03-10,2.17,2.22,2.08,2.16
QTUM,2019-03-11,2.16,2.18,2.03,2.07
QTUM,2019-03-12,2.07,2.24,2.03,2.17
QTUM,2019-03-13,2.17,2.24,2.06,2.09
QTUM,2019-03-14,2.09,3.26,2.09,2.63
QTUM,2019-03-15,2.63,2.77,2.46,2.5
QTUM,2019-03-16,2.5,2.61,2.45,2.53
QTUM,2019-03-17,2.53,2.67,2.41,2.53
QTUM,2019-03-18,2.57,2.61,2.47,2.48
QTUM,2019-03-19,2.48,2.56,2.45,2.51
QTUM,2019-03-20,2.51,2.62,2.43,2.56
QTUM,2019-03-21,2.56,2.61,2.38,2.48
QTUM,2019-03-22,2.48,2.58,2.45,2.52
QTUM,2019-03-23,2.52,2.73,2.51,2.66
QTUM,2019-03-24,2.67,2.71,2.56,2.6
QTUM,2019-03-25,2.59,2.61,2.42,2.48
QTUM,2019-03-26,2.48,2.51,2.38,2.46
QTUM,2019-03-27,2.46,2.63,2.45,2.59
QTUM,2019-03-28,2.59,2.75,2.53,2.69
QTUM,2019-03-29,2.69,2.77,2.62,2.73
QTUM,2019-03-30,2.73,2.83,2.65,2.78
QTUM,2019-03-31,2.79,3.12,2.76,3.03
QTUM,2019-04-01,3.03,3.1,2.92,3.05
QTUM,2019-04-02,3.02,3.34,2.88,3.24
QTUM,2019-04-03,3.24,3.6,3.11,3.42
QTUM,2019-04-04,3.43,3.49,2.75,3.15
QTUM,2019-04-05,3.15,3.49,3.12,3.37
QTUM,2019-04-06,3.34,3.42,3.25,3.3
QTUM,2019-04-07,3.3,3.67,3.26,3.57
QTUM,2019-04-08,3.57,3.69,3.31,3.49
QTUM,2019-04-09,3.49,3.55,3.3,3.34
QTUM,2019-04-10,3.34,3.47,3.22,3.32
QTUM,2019-04-11,3.32,3.36,2.84,2.91
QTUM,2019-04-12,2.91,3.04,2.81,2.97
QTUM,2019-04-13,2.97,3.01,2.88,2.89
QTUM,2019-04-14,2.89,2.96,2.83,2.93
QTUM,2019-04-15,2.93,3.02,2.77,2.82
QTUM,2019-04-16,2.82,2.91,2.77,2.89
QTUM,2019-04-17,2.89,2.93,2.82,2.86
QTUM,2019-04-18,2.86,3.01,2.84,2.97
QTUM,2019-04-19,2.97,2.99,2.87,2.89
QTUM,2019-04-20,2.89,3.01,2.84,2.86
QTUM,2019-04-21,2.86,2.9,2.66,2.67
QTUM,2019-04-22,2.67,2.8,2.67,2.76
QTUM,2019-04-23,2.76,2.82,2.72,2.74
QTUM,2019-04-24,2.74,2.74,2.43,2.48
QTUM,2019-04-25,2.48,2.55,2.45,2.45
QTUM,2019-04-26,2.44,2.44,2.26,2.38
QTUM,2019-04-27,2.38,2.42,2.31,2.42
QTUM,2019-04-28,2.42,2.42,2.34,2.37
QTUM,2019-04-29,2.37,2.42,2.28,2.35
QTUM,2019-04-30,2.35,2.46,2.3,2.46
QTUM,2019-05-01,2.46,2.54,2.37,2.46
QTUM,2019-05-02,2.46,2.73,2.43,2.61
QTUM,2019-05-03,2.61,2.71,2.54,2.63
QTUM,2019-05-04,2.63,2.7,2.39,2.5
QTUM,2019-05-05,2.5,2.52,2.42,2.47
QTUM,2019-05-06,2.47,2.5,2.34,2.47
QTUM,2019-05-07,2.47,2.52,2.39,2.44
QTUM,2019-05-08,2.44,2.47,2.33,2.43
QTUM,2019-05-09,2.43,2.49,2.29,2.31
QTUM,2019-05-10,2.31,2.39,2.3,2.36
QTUM,2019-05-11,2.36,2.6,2.33,2.59
QTUM,2019-05-12,2.59,2.69,2.39,2.44
QTUM,2019-05-13,2.44,2.6,2.37,2.56
QTUM,2019-05-14,2.56,2.82,2.46,2.7
QTUM,2019-05-15,2.69,3.19,2.68,3.17
QTUM,2019-05-16,3.17,3.52,2.97,3.12
QTUM,2019-05-17,3.12,3.21,2.69,2.85
QTUM,2019-05-18,2.85,2.94,2.75,2.85
QTUM,2019-05-19,2.85,3.21,2.8,3.2
QTUM,2019-05-20,3.2,3.23,2.9,3.12
QTUM,2019-05-21,3.12,3.26,3.04,3.17
QTUM,2019-05-22,3.17,3.22,2.88,2.89
QTUM,2019-05-23,2.88,2.91,2.73,2.87
QTUM,2019-05-24,2.87,3.06,2.86,2.98
QTUM,2019-05-25,2.98,2.98,2.87,2.89
QTUM,2019-05-26,2.89,3.11,2.83,3.07
QTUM,2019-05-27,3.07,3.29,3.05,3.2
QTUM,2019-05-28,3.2,3.3,3.1,3.23
QTUM,2019-05-29,3.23,3.41,3.02,3.34
QTUM,2019-05-30,3.34,3.57,3.02,3.07
QTUM,2019-05-31,3.07,3.28,3.03,3.27
QTUM,2019-06-01,3.27,3.76,3.25,3.63
QTUM,2019-06-02,3.63,3.67,3.47,3.57
QTUM,2019-06-03,3.57,3.62,3.29,3.36
QTUM,2019-06-04,3.36,3.37,2.92,2.92
QTUM,2019-06-05,2.92,3.07,2.89,3.02
QTUM,2019-06-06,3.02,3.05,2.87,2.96
QTUM,2019-06-07,2.96,3.23,2.95,3.14
QTUM,2019-06-08,3.14,3.21,2.99,3.01
QTUM,2019-06-09,3.01,3.07,2.67,2.87
QTUM,2019-06-10,2.87,3.35,2.84,3.171
QTUM,2019-06-11,3.171,3.264,3.048,3.17
QTUM,2019-06-12,3.17,3.275,3.116,3.218
QTUM,2019-06-13,3.219,3.489,3.169,3.463
QTUM,2019-06-14,3.464,3.472,3.264,3.374
QTUM,2019-06-15,3.372,3.617,3.347,3.531
QTUM,2019-06-16,3.532,3.737,3.461,3.681
QTUM,2019-06-17,3.681,3.787,3.555,3.629
QTUM,2019-06-18,3.629,3.681,3.505,3.546
QTUM,2019-06-19,3.547,3.704,3.529,3.58
QTUM,2019-06-20,3.58,3.651,3.441,3.522
QTUM,2019-06-21,3.522,3.606,3.452,3.584
QTUM,2019-06-22,3.584,4.154,3.425,3.945
QTUM,2019-06-23,3.945,4.059,3.755,3.942
QTUM,2019-06-24,3.94,4.281,3.717,4.118
QTUM,2019-06-25,4.119,5.273,4.116,4.981
QTUM,2019-06-26,5.008,5.873,4.764,4.889
QTUM,2019-06-27,4.89,5.519,4.039,4.287
QTUM,2019-06-28,4.287,5.121,4.267,4.936
QTUM,2019-06-29,4.936,5.803,4.928,5.6
QTUM,2019-06-30,5.6,5.723,4.825,5.132
QTUM,2019-07-01,5.132,5.15,4.466,4.783
QTUM,2019-07-02,4.783,5.27,4.374,5.147
QTUM,2019-07-03,5.147,5.315,4.907,5.054
QTUM,2019-07-04,5.501,5.501,4.989,5.048
QTUM,2019-07-05,5.048,5.048,4.714,4.758
QTUM,2019-07-06,4.758,4.939,4.702,4.809
QTUM,2019-07-07,4.809,4.851,4.707,4.841
QTUM,2019-07-08,4.841,5.071,4.8,5.01
QTUM,2019-07-09,5.01,5.056,4.722,4.806
QTUM,2019-07-10,4.806,4.828,4.084,4.149
QTUM,2019-07-11,4.149,4.232,3.446,3.55
QTUM,2019-07-12,3.549,3.891,3.485,3.802
QTUM,2019-07-13,3.802,3.872,3.383,3.474
QTUM,2019-07-14,3.474,3.622,3.047,3.271
QTUM,2019-07-15,3.271,3.321,2.852,3.154
QTUM,2019-07-16,3.154,3.231,2.664,2.743
QTUM,2019-07-17,2.743,2.928,2.551,2.889
QTUM,2019-07-18,2.889,3.118,2.73,3.075
QTUM,2019-07-19,3.075,3.16,2.945,3.088
QTUM,2019-07-20,3.089,3.399,3.054,3.367
QTUM,2019-07-21,3.367,3.386,3.091,3.244
QTUM,2019-07-22,3.216,3.278,2.969,3.036
QTUM,2019-07-23,3.036,3.078,2.855,2.916
QTUM,2019-07-24,2.916,3.021,2.714,2.953
QTUM,2019-07-25,2.953,3.157,2.901,3.095
QTUM,2019-07-26,3.095,3.117,2.968,3.076
QTUM,2019-07-27,3.076,3.187,2.84,2.897
QTUM,2019-07-28,2.897,2.955,2.845,2.866
QTUM,2019-07-29,2.866,2.941,2.764,2.915
QTUM,2019-07-30,2.915,2.941,2.809,2.884
QTUM,2019-07-31,2.884,3.106,2.877,3.007
QTUM,2019-08-01,3.007,3.062,2.932,3.018
QTUM,2019-08-02,3.017,3.088,2.97,2.984
QTUM,2019-08-03,2.984,3.095,2.979,3.048
QTUM,2019-08-04,3.048,3.071,2.967,3.018
QTUM,2019-08-05,3.018,3.216,3.017,3.115
QTUM,2019-08-06,3.115,3.148,2.934,2.934
QTUM,2019-08-07,2.934,2.992,2.881,2.933
QTUM,2019-08-08,2.932,2.951,2.712,2.766
QTUM,2019-08-09,2.766,2.821,2.573,2.593
QTUM,2019-08-10,2.593,2.724,2.566,2.638
QTUM,2019-08-11,2.638,2.845,2.622,2.789
QTUM,2019-08-12,2.789,2.789,2.665,2.717
QTUM,2019-08-13,2.717,2.717,2.56,2.625
QTUM,2019-08-14,2.638,2.699,2.284,2.394
QTUM,2019-08-15,2.395,2.417,2.233,2.372
QTUM,2019-08-16,2.372,2.409,2.218,2.309
QTUM,2019-08-17,2.309,2.462,2.262,2.346
QTUM,2019-08-18,2.331,2.699,2.329,2.602
QTUM,2019-08-19,2.602,2.743,2.532,2.592
QTUM,2019-08-20,2.592,2.749,2.524,2.601
QTUM,2019-08-21,2.599,2.639,2.4,2.473
QTUM,2019-08-22,2.461,2.624,2.396,2.565
QTUM,2019-08-23,2.564,2.649,2.503,2.616
QTUM,2019-08-24,2.617,2.656,2.486,2.555
QTUM,2019-08-25,2.555,2.613,2.478,2.51
QTUM,2019-08-26,2.51,2.627,2.501,2.523
QTUM,2019-08-27,2.524,2.545,2.421,2.463
QTUM,2019-08-28,2.463,2.481,2.197,2.219
QTUM,2019-08-29,2.219,2.295,2.023,2.126
QTUM,2019-08-30,2.126,2.181,2.075,2.111
QTUM,2019-08-31,2.111,2.143,2.063,2.142
QTUM,2019-09-01,2.142,2.146,2.077,2.1
QTUM,2019-09-02,2.101,2.167,2.053,2.15
QTUM,2019-09-03,2.151,2.205,2.11,2.165
QTUM,2019-09-04,2.165,2.172,2.074,2.12
QTUM,2019-09-05,2.123,2.138,1.976,2.013
QTUM,2019-09-06,2.013,2.1,1.921,1.976
QTUM,2019-09-07,1.955,2.068,1.879,2.031
QTUM,2019-09-08,2.031,2.176,2.01,2.145
QTUM,2019-09-09,2.145,2.161,1.983,2.071
QTUM,2019-09-10,2.071,2.166,1.994,2.032
QTUM,2019-09-11,2.032,2.071,1.954,1.993
QTUM,2019-09-12,1.997,2.037,1.949,2.016
QTUM,2019-09-13,2.016,2.072,1.984,2.019
QTUM,2019-09-14,2.02,2.112,2.0,2.085
QTUM,2019-09-15,2.085,2.1,2.03,2.067
QTUM,2019-09-16,2.067,2.137,1.975,2.043
QTUM,2019-09-17,2.065,2.213,2.009,2.17
QTUM,2019-09-18,2.17,2.318,2.096,2.269
QTUM,2019-09-19,2.269,2.319,2.064,2.21
QTUM,2019-09-20,2.21,2.286,2.143,2.171
QTUM,2019-09-21,2.171,2.237,2.122,2.147
QTUM,2019-09-22,2.147,2.176,2.044,2.111
QTUM,2019-09-23,2.11,2.137,1.975,2.011
QTUM,2019-09-24,2.006,2.025,1.458,1.545
QTUM,2019-09-25,1.545,1.771,1.539,1.667
QTUM,2019-09-26,1.667,1.714,1.492,1.589
QTUM,2019-09-27,1.589,1.674,1.548,1.638
QTUM,2019-09-28,1.639,1.703,1.604,1.671
QTUM,2019-09-29,1.658,1.697,1.567,1.627
QTUM,2019-09-30,1.627,1.745,1.61,1.705
QTUM,2019-10-01,1.689,1.781,1.672,1.724
QTUM,2019-10-02,1.724,1.741,1.646,1.702
QTUM,2019-10-03,1.682,1.743,1.638,1.687
QTUM,2019-10-04,1.687,1.76,1.642,1.72
QTUM,2019-10-05,1.721,1.765,1.668,1.717
QTUM,2019-10-06,1.726,1.763,1.659,1.698
QTUM,2019-10-07,1.714,1.858,1.666,1.786
QTUM,2019-10-08,1.789,1.872,1.757,1.794
QTUM,2019-10-09,1.794,1.924,1.781,1.883
QTUM,2019-10-10,1.883,1.913,1.768,1.829
QTUM,2019-10-11,1.802,1.865,1.742,1.802
QTUM,2019-10-12,1.802,1.842,1.751,1.797
QTUM,2019-10-13,1.798,1.842,1.758,1.8
QTUM,2019-10-14,1.792,1.835,1.772,1.804
QTUM,2019-10-15,1.804,1.855,1.726,1.737
QTUM,2019-10-16,1.737,1.777,1.613,1.668
QTUM,2019-10-17,1.668,1.778,1.641,1.749
QTUM,2019-10-18,1.749,1.773,1.64,1.696
QTUM,2019-10-19,1.696,1.722,1.667,1.694
QTUM,2019-10-20,1.694,1.755,1.663,1.723
QTUM,2019-10-21,1.724,1.752,1.681,1.718
QTUM,2019-10-22,1.72,1.737,1.677,1.69
QTUM,2019-10-23,1.69,1.7,1.491,1.556
QTUM,2019-10-24,1.555,1.638,1.509,1.608
QTUM,2019-10-25,1.608,1.814,1.568,1.749
QTUM,2019-10-26,1.759,1.935,1.739,1.802
QTUM,2019-10-27,1.804,2.434,1.776,2.287
QTUM,2019-10-28,2.275,2.74,2.23,2.343
QTUM,2019-10-29,2.342,2.447,2.234,2.295
QTUM,2019-10-30,2.293,2.388,2.096,2.228
QTUM,2019-10-31,2.218,2.266,2.066,2.147
QTUM,2019-11-01,2.136,2.204,2.068,2.171
QTUM,2019-11-02,2.182,2.255,2.138,2.195
QTUM,2019-11-03,2.199,2.214,2.085,2.139
QTUM,2019-11-04,2.139,2.333,2.071,2.257
QTUM,2019-11-05,2.259,2.317,2.165,2.263
QTUM,2019-11-06,2.254,2.374,2.221,2.272
QTUM,2019-11-07,2.272,2.334,2.156,2.203
QTUM,2019-11-08,2.203,2.282,2.053,2.165
QTUM,2019-11-09,2.165,2.208,2.09,2.121
QTUM,2019-11-10,2.136,2.242,2.092,2.173
QTUM,2019-11-11,2.213,2.242,2.067,2.111
QTUM,2019-11-12,2.118,2.283,2.073,2.221
QTUM,2019-11-13,2.221,2.331,2.157,2.246
QTUM,2019-11-14,2.246,2.405,2.203,2.289
QTUM,2019-11-15,2.279,2.367,2.113,2.184
QTUM,2019-11-16,2.202,2.22,2.128,2.14
QTUM,2019-11-17,2.141,2.198,2.083,2.179
QTUM,2019-11-18,2.151,2.172,1.919,1.966
QTUM,2019-11-19,1.966,1.993,1.847,1.939
QTUM,2019-11-20,1.931,1.992,1.868,1.902
QTUM,2019-11-21,1.902,1.912,1.679,1.793
QTUM,2019-11-22,1.795,1.813,1.537,1.661
QTUM,2019-11-23,1.661,1.764,1.622,1.75
QTUM,2019-11-24,1.75,1.764,1.598,1.645
QTUM,2019-11-25,1.646,1.701,1.466,1.643
QTUM,2019-11-26,1.643,1.681,1.599,1.656
QTUM,2019-11-27,1.656,1.762,1.563,1.731
QTUM,2019-11-28,1.73,1.895,1.711,1.776
QTUM,2019-11-29,1.776,1.926,1.776,1.87
QTUM,2019-11-30,1.878,1.91,1.758,1.8
QTUM,2019-12-01,1.8,1.837,1.72,1.797
QTUM,2019-12-02,1.797,1.811,1.71,1.771
QTUM,2019-12-03,1.769,1.792,1.719,1.762
QTUM,2019-12-04,1.762,1.796,1.672,1.714
QTUM,2019-12-05,1.714,1.765,1.672,1.745
QTUM,2019-12-06,1.745,1.767,1.703,1.756
QTUM,2019-12-07,1.756,1.785,1.739,1.749
QTUM,2019-12-08,1.75,1.784,1.72,1.759
QTUM,2019-12-09,1.759,1.787,1.718,1.737
QTUM,2019-12-10,1.735,1.762,1.688,1.741
QTUM,2019-12-11,1.741,1.766,1.708,1.736
QTUM,2019-12-12,1.736,1.805,1.704,1.783
QTUM,2019-12-13,1.783,1.966,1.78,1.859
QTUM,2019-12-14,1.869,1.878,1.751,1.776
QTUM,2019-12-15,1.776,1.798,1.696,1.767
QTUM,2019-12-16,1.767,1.778,1.654,1.668
QTUM,2019-12-17,1.666,1.669,1.494,1.517
QTUM,2019-12-18,1.518,1.7,1.491,1.699
QTUM,2019-12-19,1.708,1.709,1.601,1.641
QTUM,2019-12-20,1.639,1.687,1.617,1.673
QTUM,2019-12-21,1.677,1.677,1.615,1.629
QTUM,2019-12-22,1.629,1.699,1.616,1.674
QTUM,2019-12-23,1.674,1.709,1.609,1.623
QTUM,2019-12-24,1.62,1.638,1.588,1.622
QTUM,2019-12-25,1.622,1.625,1.554,1.597
QTUM,2019-12-26,1.597,1.65,1.558,1.598
QTUM,2019-12-27,1.598,1.632,1.556,1.614
QTUM,2019-12-28,1.614,1.658,1.603,1.635
QTUM,2019-12-29,1.638,1.712,1.619,1.675
QTUM,2019-12-30,1.675,1.683,1.608,1.636
QTUM,2019-12-31,1.632,1.641,1.584,1.597
QTUM,2020-01-01,1.596,1.634,1.594,1.606
QTUM,2020-01-02,1.605,1.607,1.534,1.534
QTUM,2020-01-03,1.536,1.647,1.511,1.626
QTUM,2020-01-04,1.626,1.656,1.6,1.641
QTUM,2020-01-05,1.641,1.679,1.622,1.632
QTUM,2020-01-06,1.632,1.735,1.62,1.723
QTUM,2020-01-07,1.722,1.773,1.665,1.721
QTUM,2020-01-08,1.721,1.779,1.657,1.692
QTUM,2020-01-09,1.692,1.692,1.611,1.626
QTUM,2020-01-10,1.626,1.734,1.609,1.713
QTUM,2020-01-11,1.713,1.818,1.706,1.764
QTUM,2020-01-12,1.766,1.811,1.722,1.744
QTUM,2020-01-13,1.744,1.77,1.676,1.705
QTUM,2020-01-14,1.705,1.975,1.696,1.896
QTUM,2020-01-15,1.891,2.112,1.871,1.971
QTUM,2020-01-16,1.97,2.011,1.846,1.917
QTUM,2020-01-17,1.918,2.22,1.898,2.194
QTUM,2020-01-18,2.194,2.195,2.002,2.055
QTUM,2020-01-19,2.055,2.089,1.853,1.907
QTUM,2020-01-20,1.907,1.961,1.849,1.922
QTUM,2020-01-21,1.919,1.972,1.885,1.943
QTUM,2020-01-22,1.943,2.04,1.934,1.996
QTUM,2020-01-23,1.996,2.005,1.82,1.873
QTUM,2020-01-24,1.873,1.928,1.797,1.897
QTUM,2020-01-25,1.897,1.907,1.834,1.876
QTUM,2020-01-26,1.875,1.957,1.85,1.935
QTUM,2020-01-27,1.935,2.049,1.915,1.998
QTUM,2020-01-28,1.999,2.081,1.978,2.041
QTUM,2020-01-29,2.039,2.146,2.02,2.107
QTUM,2020-01-30,2.107,2.226,2.017,2.188
QTUM,2020-01-31,2.189,2.209,2.045,2.144
QTUM,2020-02-01,2.144,2.223,2.106,2.21
QTUM,2020-02-02,2.21,2.401,2.145,2.289
QTUM,2020-02-03,2.29,2.392,2.232,2.264
QTUM,2020-02-04,2.266,2.34,2.187,2.272
QTUM,2020-02-05,2.272,2.513,2.252,2.449
QTUM,2020-02-06,2.435,2.561,2.377,2.518
QTUM,2020-02-07,2.524,2.667,2.501,2.523
QTUM,2020-02-08,2.523,2.659,2.443,2.605
QTUM,2020-02-09,2.605,2.742,2.576,2.679
QTUM,2020-02-10,2.688,2.737,2.494,2.584
QTUM,2020-02-11,2.584,2.786,2.526,2.716
QTUM,2020-02-12,2.716,2.955,2.691,2.87
QTUM,2020-02-13,2.874,3.01,2.734,2.804
QTUM,2020-02-14,2.825,3.077,2.766,3.015
QTUM,2020-02-15,3.015,3.069,2.63,2.725
QTUM,2020-02-16,2.725,2.816,2.261,2.467
QTUM,2020-02-17,2.471,2.563,2.283,2.45
QTUM,2020-02-18,2.432,2.652,2.395,2.636
QTUM,2020-02-19,2.64,2.741,2.437,2.5
QTUM,2020-02-20,2.5,2.54,2.287,2.397
QTUM,2020-02-21,2.397,2.483,2.355,2.397
QTUM,2020-02-22,2.397,2.437,2.348,2.397
QTUM,2020-02-23,2.398,2.498,2.382,2.496
QTUM,2020-02-24,2.493,2.513,2.278,2.333
QTUM,2020-02-25,2.334,2.618,2.308,2.417
QTUM,2020-02-26,2.418,2.425,2.034,2.136
QTUM,2020-02-27,2.14,2.221,1.993,2.141
QTUM,2020-02-28,2.141,2.172,1.995,2.099
QTUM,2020-02-29,2.103,2.126,2.025,2.07
QTUM,2020-03-01,2.07,2.103,1.987,2.039
QTUM,2020-03-02,2.04,2.217,2.015,2.166
QTUM,2020-03-03,2.165,2.185,2.096,2.141
QTUM,2020-03-04,2.143,2.177,2.089,2.144
QTUM,2020-03-05,2.146,2.256,2.142,2.201
QTUM,2020-03-06,2.2,2.314,2.179,2.294
QTUM,2020-03-07,2.294,2.335,2.201,2.237
QTUM,2020-03-08,2.234,2.237,1.876,1.89
QTUM,2020-03-09,1.891,2.104,1.806,1.925
QTUM,2020-03-10,1.929,1.979,1.878,1.976
QTUM,2020-03-11,1.972,1.975,1.819,1.947
QTUM,2020-03-12,1.945,1.957,1.259,1.362
QTUM,2020-03-13,1.366,1.367,0.7537,1.256
QTUM,2020-03-14,1.264,1.292,1.163,1.194
QTUM,2020-03-15,1.193,1.287,1.154,1.219
QTUM,2020-03-16,1.219,1.229,0.9092,1.017
QTUM,2020-03-17,1.018,1.161,1.015,1.122
QTUM,2020-03-18,1.121,1.153,1.019,1.094
QTUM,2020-03-19,1.094,1.324,1.089,1.29
QTUM,2020-03-20,1.291,1.381,1.115,1.218
QTUM,2020-03-21,1.214,1.288,1.174,1.232
QTUM,2020-03-22,1.232,1.288,1.138,1.156
QTUM,2020-03-23,1.156,1.26,1.13,1.228
QTUM,2020-03-24,1.228,1.303,1.217,1.283
QTUM,2020-03-25,1.282,1.296,1.204,1.255
QTUM,2020-03-26,1.255,1.286,1.221,1.256
QTUM,2020-03-27,1.256,1.308,1.239,1.262
QTUM,2020-03-28,1.269,1.278,1.148,1.226
QTUM,2020-03-29,1.222,1.231,1.132,1.147
QTUM,2020-03-30,1.146,1.232,1.136,1.213
QTUM,2020-03-31,1.217,1.239,1.182,1.238
QTUM,2020-04-01,1.218,1.242,1.17,1.206
QTUM,2020-04-02,1.206,1.318,1.201,1.272
QTUM,2020-04-03,1.271,1.314,1.241,1.263
QTUM,2020-04-04,1.263,1.311,1.238,1.293
QTUM,2020-04-05,1.293,1.314,1.245,1.254
QTUM,2020-04-06,1.254,1.421,1.25,1.406
QTUM,2020-04-07,1.407,1.454,1.344,1.38
QTUM,2020-04-08,1.379,1.513,1.358,1.478
QTUM,2020-04-09,1.478,1.534,1.434,1.486
QTUM,2020-04-10,1.486,1.499,1.296,1.349
QTUM,2020-04-11,1.349,1.393,1.312,1.338
QTUM,2020-04-12,1.342,1.434,1.322,1.41
QTUM,2020-04-13,1.41,1.413,1.295,1.351
QTUM,2020-04-14,1.351,1.37,1.319,1.325
QTUM,2020-04-15,1.325,1.368,1.311,1.333
QTUM,2020-04-16,1.332,1.414,1.256,1.397
QTUM,2020-04-17,1.408,1.44,1.368,1.382
QTUM,2020-04-18,1.382,1.457,1.38,1.433
QTUM,2020-04-19,1.433,1.46,1.369,1.419
QTUM,2020-04-20,1.418,1.427,1.296,1.318
QTUM,2020-04-21,1.318,1.356,1.296,1.331
QTUM,2020-04-22,1.338,1.392,1.307,1.364
QTUM,2020-04-23,1.364,1.441,1.336,1.427
QTUM,2020-04-24,1.427,1.465,1.376,1.431
QTUM,2020-04-25,1.431,1.541,1.406,1.481
QTUM,2020-04-26,1.481,1.569,1.467,1.522
QTUM,2020-04-27,1.522,1.561,1.45,1.502
QTUM,2020-04-28,1.501,1.529,1.465,1.511
QTUM,2020-04-29,1.511,1.654,1.508,1.64
QTUM,2020-04-30,1.641,1.72,1.511,1.54
QTUM,2020-05-01,1.553,1.647,1.532,1.596
QTUM,2020-05-02,1.596,1.653,1.569,1.647
QTUM,2020-05-03,1.647,1.67,1.55,1.587
QTUM,2020-05-04,1.588,1.604,1.47,1.57
QTUM,2020-05-05,1.566,1.592,1.515,1.544
QTUM,2020-05-06,1.546,1.598,1.52,1.551
QTUM,2020-05-07,1.556,1.624,1.498,1.587
QTUM,2020-05-08,1.582,1.658,1.547,1.656
QTUM,2020-05-09,1.661,1.711,1.59,1.609
QTUM,2020-05-10,1.609,1.617,1.37,1.446
QTUM,2020-05-11,1.445,1.476,1.361,1.404
QTUM,2020-05-12,1.406,1.479,1.39,1.439
QTUM,2020-05-13,1.441,1.511,1.44,1.499
QTUM,2020-05-14,1.499,1.547,1.462,1.521
QTUM,2020-05-15,1.521,1.573,1.48,1.507
QTUM,2020-05-16,1.507,1.558,1.489,1.552
QTUM,2020-05-17,1.551,1.59,1.532,1.577
QTUM,2020-05-18,1.577,1.61,1.541,1.566
QTUM,2020-05-19,1.566,1.585,1.525,1.573
QTUM,2020-05-20,1.573,1.619,1.549,1.582
QTUM,2020-05-21,1.582,1.592,1.457,1.49
QTUM,2020-05-22,1.491,1.813,1.479,1.798
QTUM,2020-05-23,1.796,1.804,1.66,1.696
QTUM,2020-05-24,1.696,1.744,1.592,1.62
QTUM,2020-05-25,1.62,1.657,1.552,1.634
QTUM,2020-05-26,1.633,1.679,1.579,1.66
QTUM,2020-05-27,1.66,1.692,1.611,1.612
QTUM,2020-05-28,1.612,1.685,1.612,1.669
QTUM,2020-05-29,1.668,1.718,1.651,1.681
QTUM,2020-05-30,1.68,1.78,1.665,1.776
QTUM,2020-05-31,1.776,1.841,1.726,1.789
QTUM,2020-06-01,1.789,1.908,1.73,1.895
QTUM,2020-06-02,1.894,1.939,1.717,1.805
QTUM,2020-06-03,1.805,1.832,1.754,1.814
QTUM,2020-06-04,1.814,1.881,1.774,1.831
QTUM,2020-06-05,1.832,1.854,1.791,1.799
QTUM,2020-06-06,1.799,1.851,1.772,1.843
QTUM,2020-06-07,1.843,1.857,1.746,1.793
QTUM,2020-06-08,1.794,1.836,1.793,1.824
QTUM,2020-06-09,1.824,1.84,1.794,1.817
QTUM,2020-06-10,1.817,1.886,1.803,1.858
QTUM,2020-06-11,1.859,1.942,1.666,1.734
QTUM,2020-06-12,1.734,1.785,1.668,1.744
QTUM,2020-06-13,1.746,1.784,1.711,1.771
QTUM,2020-06-14,1.771,1.78,1.706,1.729
QTUM,2020-06-15,1.73,1.735,1.564,1.674
QTUM,2020-06-16,1.673,1.721,1.659,1.716
QTUM,2020-06-17,1.716,1.739,1.662,1.698
QTUM,2020-06-18,1.697,1.715,1.648,1.667
QTUM,2020-06-19,1.667,1.692,1.639,1.681
QTUM,2020-06-20,1.681,1.688,1.631,1.669
QTUM,2020-06-21,1.669,1.792,1.655,1.762
QTUM,2020-06-22,1.762,1.849,1.722,1.835
QTUM,2020-06-23,1.835,1.848,1.775,1.818
QTUM,2020-06-24,1.819,1.837,1.695,1.724
QTUM,2020-06-25,1.724,1.738,1.659,1.725
QTUM,2020-06-26,1.725,1.734,1.655,1.684
QTUM,2020-06-27,1.684,1.713,1.526,1.582
QTUM,2020-06-28,1.581,1.652,1.544,1.619
QTUM,2020-06-29,1.62,1.683,1.595,1.672
QTUM,2020-06-30,1.672,1.685,1.625,1.649
QTUM,2020-07-01,1.648,1.684,1.616,1.66
QTUM,2020-07-02,1.659,1.691,1.605,1.662
QTUM,2020-07-03,1.656,1.674,1.639,1.65
QTUM,2020-07-04,1.65,1.697,1.629,1.685
QTUM,2020-07-05,1.685,1.732,1.653,1.728
QTUM,2020-07-06,1.728,1.81,1.728,1.8
QTUM,2020-07-07,1.8,1.831,1.748,1.786
QTUM,2020-07-08,1.786,2.09,1.785,2.016
QTUM,2020-07-09,2.016,2.159,1.948,2.142
QTUM,2020-07-10,2.141,2.146,1.953,2.017
QTUM,2020-07-11,2.017,2.095,2.004,2.084
QTUM,2020-07-12,2.084,2.106,1.967,2.015
QTUM,2020-07-13,2.015,2.261,2.015,2.226
QTUM,2020-07-14,2.226,2.383,2.116,2.343
QTUM,2020-07-15,2.343,2.466,2.3,2.319
QTUM,2020-07-16,2.319,2.335,2.119,2.249
QTUM,2020-07-17,2.249,2.402,2.249,2.338
QTUM,2020-07-18,2.337,2.413,2.31,2.4
QTUM,2020-07-19,2.4,2.401,2.3,2.351
QTUM,2020-07-20,2.35,2.363,2.212,2.241
QTUM,2020-07-21,2.242,2.346,2.183,2.33
QTUM,2020-07-22,2.359,2.36,2.276,2.335
QTUM,2020-07-23,2.335,2.408,2.332,2.354
QTUM,2020-07-24,2.354,2.363,2.29,2.328
QTUM,2020-07-25,2.328,2.436,2.289,2.411
QTUM,2020-07-26,2.411,2.483,2.327,2.362
QTUM,2020-07-27,2.363,2.369,2.206,2.279
QTUM,2020-07-28,2.279,2.391,2.257,2.384
QTUM,2020-07-29,2.383,2.45,2.356,2.383
QTUM,2020-07-30,2.385,2.409,2.328,2.391
QTUM,2020-07-31,2.391,2.435,2.348,2.402
QTUM,2020-08-01,2.404,2.653,2.4,2.621
QTUM,2020-08-02,2.621,2.714,2.385,2.438
QTUM,2020-08-03,2.438,2.697,2.389,2.607
QTUM,2020-08-04,2.6,2.907,2.6,2.816
QTUM,2020-08-05,2.816,2.877,2.583,2.794
QTUM,2020-08-06,2.799,2.821,2.672,2.74
QTUM,2020-08-07,2.739,2.787,2.551,2.66
QTUM,2020-08-08,2.663,2.759,2.614,2.751
QTUM,2020-08-09,2.753,2.78,2.648,2.703
QTUM,2020-08-10,2.703,2.991,2.695,2.91
QTUM,2020-08-11,2.91,2.967,2.619,2.668
QTUM,2020-08-12,2.668,2.815,2.593,2.758
QTUM,2020-08-13,2.76,2.847,2.637,2.809
QTUM,2020-08-14,2.809,3.157,2.784,3.067
QTUM,2020-08-15,3.067,3.218,3.042,3.082
QTUM,2020-08-16,3.082,3.425,2.966,3.382
QTUM,2020-08-17,3.383,3.61,3.276,3.429
QTUM,2020-08-18,3.429,3.605,3.229,3.366
QTUM,2020-08-19,3.366,3.466,3.05,3.27
QTUM,2020-08-20,3.27,4.16,3.262,4.024
QTUM,2020-08-21,4.024,5.401,3.857,3.893
QTUM,2020-08-22,3.893,4.097,3.484,4.001
QTUM,2020-08-23,4.003,4.302,3.853,4.136
QTUM,2020-08-24,4.136,4.17,3.761,3.819
QTUM,2020-08-25,3.819,3.885,3.342,3.48
QTUM,2020-08-26,3.48,4.006,3.441,3.852
QTUM,2020-08-27,3.852,3.875,3.215,3.316
QTUM,2020-08-28,3.316,3.454,3.285,3.337
QTUM,2020-08-29,3.338,3.516,3.236,3.456
QTUM,2020-08-30,3.455,3.663,3.406,3.423
QTUM,2020-08-31,3.423,3.527,3.349,3.356
QTUM,2020-09-01,3.357,3.62,3.297,3.565
QTUM,2020-09-02,3.565,3.771,3.11,3.201
QTUM,2020-09-03,3.2,3.302,2.697,2.757
QTUM,2020-09-04,2.758,2.797,2.311,2.667
QTUM,2020-09-05,2.667,2.67,2.231,2.319
QTUM,2020-09-06,2.319,2.471,2.204,2.449
QTUM,2020-09-07,2.449,2.526,2.249,2.348
QTUM,2020-09-08,2.348,2.5,2.288,2.344
QTUM,2020-09-09,2.344,2.527,2.259,2.47
QTUM,2020-09-10,2.47,2.627,2.429,2.627
QTUM,2020-09-11,2.628,2.786,2.508,2.776
QTUM,2020-09-12,2.776,2.927,2.742,2.833
QTUM,2020-09-13,2.833,2.87,2.556,2.577
QTUM,2020-09-14,2.577,2.766,2.568,2.666
QTUM,2020-09-15,2.669,2.681,2.47,2.491
QTUM,2020-09-16,2.493,2.588,2.362,2.455
QTUM,2020-09-17,2.454,2.616,2.415,2.567
QTUM,2020-09-18,2.567,2.913,2.521,2.842
QTUM,2020-09-19,2.842,2.847,2.623,2.628
QTUM,2020-09-20,2.632,2.656,2.449,2.495
QTUM,2020-09-21,2.495,2.614,2.219,2.313
QTUM,2020-09-22,2.304,2.343,2.179,2.338
QTUM,2020-09-23,2.338,2.368,2.193,2.228
QTUM,2020-09-24,2.228,2.345,2.15,2.317
QTUM,2020-09-25,2.316,2.414,2.233,2.409
QTUM,2020-09-26,2.409,2.422,2.328,2.406
QTUM,2020-09-27,2.404,2.452,2.315,2.354
QTUM,2020-09-28,2.355,2.584,2.354,2.498
QTUM,2020-09-29,2.498,2.506,2.333,2.421
QTUM,2020-09-30,2.421,2.466,2.368,2.414
QTUM,2020-10-01,2.414,2.528,2.324,2.346
QTUM,2020-10-02,2.347,2.396,2.187,2.245
QTUM,2020-10-03,2.244,2.348,2.244,2.326
QTUM,2020-10-04,2.329,2.329,2.245,2.294
QTUM,2020-10-05,2.295,2.326,2.248,2.272
QTUM,2020-10-06,2.273,2.31,2.162,2.184
QTUM,2020-10-07,2.185,2.208,2.082,2.183
QTUM,2020-10-08,2.182,2.28,2.137,2.249
QTUM,2020-10-09,2.25,2.345,2.206,2.345
QTUM,2020-10-10,2.344,2.393,2.325,2.348
QTUM,2020-10-11,2.349,2.388,2.282,2.352
QTUM,2020-10-12,2.352,2.407,2.292,2.402
QTUM,2020-10-13,2.401,2.409,2.296,2.34
QTUM,2020-10-14,2.34,2.367,2.239,2.254
QTUM,2020-10-15,2.254,2.263,2.181,2.233
QTUM,2020-10-16,2.233,2.245,2.11,2.172
QTUM,2020-10-17,2.171,2.207,2.146,2.164
QTUM,2020-10-18,2.164,2.223,2.162,2.204
QTUM,2020-10-19,2.203,2.232,2.166,2.208
QTUM,2020-10-20,2.208,2.216,2.126,2.153
QTUM,2020-10-21,2.154,2.303,2.14,2.288
QTUM,2020-10-22,2.286,2.398,2.271,2.367
QTUM,2020-10-23,2.366,2.381,2.234,2.285
QTUM,2020-10-24,2.285,2.334,2.276,2.302
QTUM,2020-10-25,2.302,2.317,2.21,2.229
QTUM,2020-10-26,2.229,2.265,2.14,2.188
QTUM,2020-10-27,2.188,2.217,2.162,2.188
QTUM,2020-10-28,2.188,2.217,2.048,2.084
QTUM,2020-10-29,2.084,2.113,2.013,2.024
QTUM,2020-10-30,2.022,2.061,1.9,1.961
QTUM,2020-10-31,1.961,1.999,1.936,1.973
QTUM,2020-11-01,1.973,2.01,1.947,2.004
QTUM,2020-11-02,2.004,2.054,1.925,1.929
QTUM,2020-11-03,1.929,1.937,1.809,1.866
QTUM,2020-11-04,1.868,1.879,1.752,1.826
QTUM,2020-11-05,1.827,1.945,1.816,1.938
QTUM,2020-11-06,1.939,2.08,1.923,2.059
QTUM,2020-11-07,2.059,2.181,1.938,1.975
QTUM,2020-11-08,1.974,2.052,1.937,2.033
QTUM,2020-11-09,2.032,2.045,1.938,1.983
QTUM,2020-11-10,1.983,2.033,1.953,2.011
QTUM,2020-11-11,2.012,2.139,1.999,2.078
QTUM,2020-11-12,2.078,2.125,2.008,2.037
QTUM,2020-11-13,2.038,2.093,2.013,2.093
QTUM,2020-11-14,2.093,2.097,2.013,2.039
QTUM,2020-11-15,2.039,2.073,1.938,1.974
QTUM,2020-11-16,1.972,2.089,1.966,2.069
QTUM,2020-11-17,2.07,2.21,2.067,2.186
QTUM,2020-11-18,2.186,2.237,2.082,2.141
QTUM,2020-11-19,2.14,2.312,2.083,2.234
QTUM,2020-11-20,2.234,2.429,2.228,2.35
QTUM,2020-11-21,2.351,2.69,2.341,2.648
QTUM,2020-11-22,2.649,2.732,2.402,2.625
QTUM,2020-11-23,2.61,2.767,2.495,2.765
QTUM,2020-11-24,2.764,3.179,2.737,3.031
QTUM,2020-11-25,3.03,3.275,2.846,2.951
QTUM,2020-11-26,2.953,3.003,2.313,2.519
QTUM,2020-11-27,2.517,2.625,2.39,2.561
QTUM,2020-11-28,2.561,2.754,2.527,2.681
QTUM,2020-11-29,2.681,2.838,2.603,2.716
QTUM,2020-11-30,2.715,3.058,2.715,2.89
QTUM,2020-12-01,2.89,3.021,2.701,2.758
QTUM,2020-12-02,2.758,2.837,2.691,2.765
QTUM,2020-12-03,2.765,2.981,2.765,2.871
QTUM,2020-12-04,2.872,2.903,2.55,2.55
QTUM,2020-12-05,2.554,2.738,2.553,2.691
QTUM,2020-12-06,2.692,2.751,2.59,2.627
QTUM,2020-12-07,2.626,2.693,2.569,2.607
QTUM,2020-12-08,2.608,2.619,2.41,2.41
QTUM,2020-12-09,2.401,2.507,2.297,2.493
QTUM,2020-12-10,2.493,2.506,2.366,2.449
QTUM,2020-12-11,2.449,2.454,2.319,2.374
QTUM,2020-12-12,2.374,2.48,2.335,2.474
QTUM,2020-12-13,2.476,2.608,2.457,2.552
QTUM,2020-12-14,2.552,2.558,2.464,2.527
QTUM,2020-12-15,2.528,2.652,2.458,2.584
QTUM,2020-12-16,2.584,2.71,2.527,2.71
QTUM,2020-12-17,2.711,2.838,2.661,2.707
QTUM,2020-12-18,2.707,2.783,2.633,2.744
QTUM,2020-12-19,2.744,2.934,2.728,2.858
QTUM,2020-12-20,2.859,2.912,2.722,2.793
QTUM,2020-12-21,2.793,2.861,2.56,2.635
QTUM,2020-12-22,2.636,2.638,2.427,2.543
QTUM,2020-12-23,2.544,2.587,1.913,2.052
QTUM,2020-12-24,2.052,2.28,2.026,2.28
QTUM,2020-12-25,2.28,2.387,2.23,2.268
QTUM,2020-12-26,2.269,2.305,2.167,2.26
QTUM,2020-12-27,2.26,2.391,2.148,2.29
QTUM,2020-12-28,2.29,2.437,2.26,2.365
QTUM,2020-12-29,2.365,2.434,2.136,2.251
QTUM,2020-12-30,2.252,2.29,2.201,2.231
QTUM,2020-12-31,2.231,2.263,2.164,2.221
QTUM,2021-01-01,2.221,2.376,2.217,2.279
QTUM,2021-01-02,2.277,2.289,2.202,2.26
QTUM,2021-01-03,2.26,2.449,2.21,2.407
QTUM,2021-01-04,2.407,2.703,2.279,2.494
QTUM,2021-01-05,2.489,2.654,2.392,2.623
QTUM,2021-01-06,2.622,2.97,2.541,2.96
QTUM,2021-01-07,2.961,3.179,2.808,2.952
QTUM,2021-01-08,2.95,2.98,2.646,2.831
QTUM,2021-01-09,2.831,3.321,2.78,3.235
QTUM,2021-01-10,3.236,3.709,2.919,3.343
QTUM,2021-01-11,3.336,3.479,2.565,2.864
QTUM,2021-01-12,2.864,2.966,2.662,2.731
QTUM,2021-01-13,2.733,3.005,2.676,2.952
QTUM,2021-01-14,2.952,3.105,2.823,2.951
QTUM,2021-01-15,2.951,3.214,2.755,2.92
QTUM,2021-01-16,2.917,3.244,2.907,3.056
QTUM,2021-01-17,3.058,3.274,2.863,3.184
QTUM,2021-01-18,3.183,3.364,3.053,3.261
QTUM,2021-01-19,3.264,3.417,3.142,3.256
QTUM,2021-01-20,3.255,3.28,2.975,3.193
QTUM,2021-01-21,3.193,3.256,2.685,2.751
QTUM,2021-01-22,2.751,3.053,2.578,2.897
QTUM,2021-01-23,2.897,3.996,2.89,3.834
QTUM,2021-01-24,3.823,4.177,3.44,3.56
QTUM,2021-01-25,3.558,3.674,3.26,3.328
QTUM,2021-01-26,3.326,3.484,3.201,3.435
QTUM,2021-01-27,3.436,3.466,3.013,3.161
QTUM,2021-01-28,3.161,3.389,3.038,3.334
QTUM,2021-01-29,3.331,3.659,3.243,3.321
QTUM,2021-01-30,3.321,3.347,3.146,3.312
QTUM,2021-01-31,3.312,3.522,3.185,3.249
QTUM,2021-02-01,3.25,3.51,3.185,3.462
QTUM,2021-02-02,3.461,3.614,3.359,3.563
QTUM,2021-02-03,3.562,3.769,3.459,3.706
QTUM,2021-02-04,3.707,3.76,3.381,3.521
QTUM,2021-02-05,3.522,3.98,3.493,3.879
QTUM,2021-02-06,3.878,4.585,3.672,4.305
QTUM,2021-02-07,4.303,4.458,3.964,4.166
QTUM,2021-02-08,4.164,4.771,4.09,4.712
QTUM,2021-02-09,4.716,5.241,4.551,5.126
QTUM,2021-02-10,5.124,7.619,4.981,7.248
QTUM,2021-02-11,7.239,8.806,7.142,7.584
QTUM,2021-02-12,7.589,8.231,6.883,7.4
QTUM,2021-02-13,7.398,7.547,6.979,7.506
QTUM,2021-02-14,7.518,7.785,6.826,7.026
QTUM,2021-02-15,7.028,7.156,5.651,6.525
QTUM,2021-02-16,6.538,6.762,6.139,6.381
QTUM,2021-02-17,6.378,6.766,6.005,6.621
QTUM,2021-02-18,6.622,7.296,6.591,7.148
QTUM,2021-02-19,7.146,7.5,6.754,7.242
QTUM,2021-02-20,7.241,7.362,6.485,6.621
QTUM,2021-02-21,6.641,7.289,6.547,7.128
QTUM,2021-02-22,7.129,7.154,5.489,6.361
QTUM,2021-02-23,6.359,6.413,4.381,4.998
QTUM,2021-02-24,4.994,5.606,4.894,5.171
QTUM,2021-02-25,5.177,5.798,5.169,5.29
QTUM,2021-02-26,5.294,5.348,4.708,5.034
QTUM,2021-02-27,5.031,5.712,4.996,5.257
QTUM,2021-02-28,5.247,5.353,4.551,4.855
QTUM,2021-03-01,4.854,5.242,4.825,5.239
QTUM,2021-03-02,5.241,5.379,4.965,5.135
QTUM,2021-03-03,5.133,5.528,5.128,5.364
QTUM,2021-03-04,5.364,5.9,5.246,5.668
QTUM,2021-03-05,5.686,6.381,5.275,6.273
QTUM,2021-03-06,6.274,6.65,5.93,6.445
QTUM,2021-03-07,6.449,6.54,6.117,6.264
QTUM,2021-03-08,6.264,6.392,6.032,6.221
QTUM,2021-03-09,6.223,6.62,6.195,6.541
QTUM,2021-03-10,6.542,6.578,6.089,6.34
QTUM,2021-03-11,6.341,6.348,5.896,6.15
QTUM,2021-03-12,6.157,6.199,5.722,5.861
QTUM,2021-03-13,5.861,6.2,5.588,6.14
QTUM,2021-03-14,6.142,6.275,5.803,5.997
QTUM,2021-03-15,5.997,6.189,5.505,6.007
QTUM,2021-03-16,6.014,6.412,5.667,6.295
QTUM,2021-03-17,6.29,6.425,5.89,6.175
QTUM,2021-03-18,6.174,6.683,6.093,6.439
QTUM,2021-03-19,6.44,7.529,6.186,7.109
QTUM,2021-03-20,7.098,7.343,6.703,6.765
QTUM,2021-03-21,6.766,6.799,6.401,6.583
QTUM,2021-03-22,6.58,7.09,6.438,6.608
QTUM,2021-03-23,6.616,7.095,6.336,6.866
QTUM,2021-03-24,6.865,8.554,6.772,7.189
QTUM,2021-03-25,7.154,8.761,6.754,8.368
QTUM,2021-03-26,8.346,9.503,8.162,8.474
QTUM,2021-03-27,8.463,9.149,8.203,8.528
QTUM,2021-03-28,8.529,8.739,7.927,8.094
QTUM,2021-03-29,8.095,8.669,7.955,8.564
QTUM,2021-03-30,8.563,9.176,8.543,8.894
QTUM,2021-03-31,8.894,9.48,8.19,9.48
QTUM,2021-04-01,9.478,10.91,9.211,10.25
QTUM,2021-04-02,10.24,10.48,9.786,10.05
QTUM,2021-04-03,10.05,11.39,9.874,9.899
QTUM,2021-04-04,9.919,10.97,9.614,10.85
QTUM,2021-04-05,10.84,11.83,10.7,11.81
QTUM,2021-04-06,11.81,15.16,11.58,14.4
QTUM,2021-04-07,14.39,17.9,13.9,15.3
QTUM,2021-04-08,15.3,16.56,14.36,16.05
QTUM,2021-04-09,16.04,16.87,15.11,15.71
QTUM,2021-04-10,15.7,16.41,14.94,15.37
QTUM,2021-04-11,15.39,16.01,14.6,15.0
QTUM,2021-04-12,15.01,16.14,14.4,14.41
QTUM,2021-04-13,14.41,15.51,14.2,14.91
QTUM,2021-04-14,14.9,16.83,14.77,15.67
QTUM,2021-04-15,15.68,16.45,15.13,16.39
QTUM,2021-04-16,16.4,19.03,15.75,17.98
QTUM,2021-04-17,18.0,19.39,17.07,17.98
QTUM,2021-04-18,17.98,18.18,13.2,16.38
QTUM,2021-04-19,16.42,20.93,16.38,19.65
QTUM,2021-04-20,19.64,19.64,16.37,17.86
QTUM,2021-04-21,17.87,18.02,15.91,16.21
QTUM,2021-04-22,16.2,16.47,13.85,14.16
QTUM,2021-04-23,14.15,14.29,10.26,12.24
QTUM,2021-04-24,12.24,13.27,11.55,12.13
QTUM,2021-04-25,12.13,13.13,11.16,11.37
QTUM,2021-04-26,11.4,13.71,11.36,13.39
QTUM,2021-04-27,13.39,15.23,13.19,14.93
QTUM,2021-04-28,14.92,15.52,13.47,14.38
QTUM,2021-04-29,14.39,14.69,13.66,14.07
QTUM,2021-04-30,14.07,14.98,13.92,14.75
QTUM,2021-05-01,14.78,15.17,14.42,14.7
QTUM,2021-05-02,14.71,16.11,14.68,15.36
QTUM,2021-05-03,15.35,16.19,15.15,15.52
QTUM,2021-05-04,15.55,15.82,13.59,14.26
QTUM,2021-05-05,14.27,17.61,13.66,17.44
QTUM,2021-05-06,17.46,26.13,17.07,26.13
QTUM,2021-05-07,25.93,36.9,23.3,24.42
QTUM,2021-05-08,24.54,26.92,23.16,24.42
QTUM,2021-05-09,24.44,30.49,24.44,27.07
QTUM,2021-05-10,27.02,28.2,22.24,24.13
QTUM,2021-05-11,24.1,26.3,21.84,25.2
QTUM,2021-05-12,25.2,26.81,22.23,23.8
QTUM,2021-05-13,23.79,23.9,18.6,19.83
QTUM,2021-05-14,19.82,22.75,19.52,21.65
QTUM,2021-05-15,21.66,22.17,19.64,20.47
QTUM,2021-05-16,20.47,21.8,18.25,18.84
QTUM,2021-05-17,18.85,19.33,16.43,17.25
QTUM,2021-05-18,17.23,18.67,16.9,17.77
QTUM,2021-05-19,17.78,18.12,8.061,11.57
QTUM,2021-05-20,11.57,13.74,9.829,12.83
QTUM,2021-05-21,12.83,14.05,9.734,10.9
QTUM,2021-05-22,10.95,11.24,9.275,9.998
QTUM,2021-05-23,9.996,10.7,6.433,7.942
QTUM,2021-05-24,7.94,10.87,7.679,10.42
QTUM,2021-05-25,10.42,12.79,10.36,11.53
QTUM,2021-05-26,11.53,12.83,11.32,12.17
QTUM,2021-05-27,12.16,14.44,12.08,14.05
QTUM,2021-05-28,14.03,14.9,11.35,11.8
QTUM,2021-05-29,11.8,12.88,10.52,11.23
QTUM,2021-05-30,11.23,11.86,10.29,11.54
QTUM,2021-05-31,11.54,12.0,10.79,11.79
QTUM,2021-06-01,11.79,12.57,11.34,11.7
QTUM,2021-06-02,11.71,12.38,11.39,12.06
QTUM,2021-06-03,12.06,12.74,11.87,12.27
QTUM,2021-06-04,12.27,12.56,10.82,11.54
QTUM,2021-06-05,11.55,11.74,10.57,10.57
QTUM,2021-06-06,10.55,11.13,10.55,11.1
QTUM,2021-06-07,11.1,11.26,9.942,10.02
QTUM,2021-06-08,10.02,10.11,8.4,9.397
QTUM,2021-06-09,9.396,9.808,8.787,9.758
QTUM,2021-06-10,9.758,10.64,9.398,9.621
QTUM,2021-06-11,9.634,9.875,8.961,8.994
QTUM,2021-06-12,8.975,9.169,8.276,8.6
QTUM,2021-06-13,8.594,9.195,8.338,9.185
QTUM,2021-06-14,9.183,9.449,8.867,9.259
QTUM,2021-06-15,9.259,9.591,9.074,9.201
QTUM,2021-06-16,9.206,9.322,8.619,8.85
QTUM,2021-06-17,8.849,9.039,8.455,8.582
QTUM,2021-06-18,8.581,8.635,7.781,7.957
QTUM,2021-06-19,7.962,8.094,7.728,7.835
QTUM,2021-06-20,7.839,7.839,6.917,7.52
QTUM,2021-06-21,7.519,7.599,5.648,5.648
QTUM,2021-06-22,5.647,5.89,4.465,5.021
QTUM,2021-06-23,5.019,6.062,4.782,5.69
QTUM,2021-06-24,5.685,6.236,5.532,6.101
QTUM,2021-06-25,6.101,6.501,5.509,5.614
QTUM,2021-06-26,5.615,5.818,5.255,5.572
QTUM,2021-06-27,5.572,6.265,5.572,5.811
QTUM,2021-06-28,5.814,6.43,5.795,6.402
QTUM,2021-06-29,6.395,7.433,6.255,7.323
QTUM,2021-06-30,7.317,7.94,6.822,7.526
QTUM,2021-07-01,7.531,7.691,6.841,7.151
QTUM,2021-07-02,7.157,7.253,6.657,6.98
QTUM,2021-07-03,6.982,7.431,6.944,7.182
QTUM,2021-07-04,7.168,7.599,7.05,7.585
QTUM,2021-07-05,7.595,7.691,6.817,7.07
QTUM,2021-07-06,7.07,7.369,6.947,7.012
QTUM,2021-07-07,7.013,7.351,7.009,7.149
QTUM,2021-07-08,7.153,7.175,6.423,6.509
QTUM,2021-07-09,6.509,6.953,6.105,6.832
QTUM,2021-07-10,6.832,6.89,6.454,6.582
QTUM,2021-07-11,6.585,6.79,6.451,6.738
QTUM,2021-07-12,6.745,6.899,6.42,6.491
QTUM,2021-07-13,6.49,6.59,6.163,6.247
QTUM,2021-07-14,6.252,6.303,5.818,6.219
QTUM,2021-07-15,6.223,6.325,5.809,5.951
QTUM,2021-07-16,5.939,6.056,5.557,5.683
QTUM,2021-07-17,5.679,5.71,5.425,5.635
QTUM,2021-07-18,5.637,5.852,5.541,5.773
QTUM,2021-07-19,5.774,5.784,5.261,5.3
QTUM,2021-07-20,5.299,5.429,4.839,5.028
QTUM,2021-07-21,5.028,5.538,4.834,5.288
QTUM,2021-07-22,5.288,5.671,5.27,5.539
QTUM,2021-07-23,5.532,5.873,5.465,5.6
QTUM,2021-07-24,5.601,6.363,5.599,6.049
QTUM,2021-07-25,6.047,6.15,5.866,6.1
QTUM,2021-07-26,6.102,7.045,6.076,6.45
QTUM,2021-07-27,6.448,6.593,6.037,6.376
QTUM,2021-07-28,6.38,6.698,6.338,6.611
QTUM,2021-07-29,6.612,6.715,6.441,6.65
QTUM,2021-07-30,6.651,7.099,6.439,6.98
QTUM,2021-07-31,6.985,8.441,6.937,7.957
QTUM,2021-08-01,7.954,8.08,7.507,7.649
QTUM,2021-08-02,7.652,8.216,7.182,7.976
QTUM,2021-08-03,7.974,8.128,7.422,7.748
QTUM,2021-08-04,7.747,8.007,7.449,7.97
QTUM,2021-08-05,7.968,8.243,7.575,8.119
QTUM,2021-08-06,8.123,8.721,7.957,8.606
QTUM,2021-08-07,8.606,11.46,8.565,10.73
QTUM,2021-08-08,10.7,11.55,10.01,10.32
QTUM,2021-08-09,10.32,11.08,10.2,10.58
QTUM,2021-08-10,10.58,10.83,10.27,10.71
QTUM,2021-08-11,10.7,11.46,10.54,11.12
QTUM,2021-08-12,11.13,11.43,9.889,10.34
QTUM,2021-08-13,10.34,12.59,10.03,12.51
QTUM,2021-08-14,12.52,15.18,12.44,14.15
QTUM,2021-08-15,14.15,14.29,12.99,13.87
QTUM,2021-08-16,13.88,14.85,13.1,13.45
QTUM,2021-08-17,13.45,14.09,12.39,12.55
QTUM,2021-08-18,12.55,13.62,12.29,12.81
QTUM,2021-08-19,12.79,13.34,12.09,13.28
QTUM,2021-08-20,13.28,13.94,13.14,13.65
QTUM,2021-08-21,13.66,14.25,13.49,13.78
QTUM,2021-08-22,13.79,13.92,13.03,13.27
QTUM,2021-08-23,13.27,14.19,13.24,13.74
QTUM,2021-08-24,13.74,14.25,12.52,12.93
QTUM,2021-08-25,12.93,13.13,12.05,12.94
QTUM,2021-08-26,12.95,13.18,11.65,12.09
QTUM,2021-08-27,12.1,12.71,11.31,12.69
QTUM,2021-08-28,12.7,13.04,12.32,12.61
QTUM,2021-08-29,12.62,13.69,12.49,12.97
QTUM,2021-08-30,12.97,13.19,12.15,12.74
QTUM,2021-08-31,12.73,12.75,11.94,12.27
QTUM,2021-09-01,12.26,13.21,12.08,13.1
QTUM,2021-09-02,13.1,13.75,12.97,13.43
QTUM,2021-09-03,13.43,13.97,12.87,13.68
QTUM,2021-09-04,13.68,14.52,13.41,14.21
QTUM,2021-09-05,14.21,16.41,13.93,15.71
QTUM,2021-09-06,15.72,16.97,15.45,15.79
QTUM,2021-09-07,15.79,16.24,10.9,12.06
QTUM,2021-09-08,12.08,12.87,10.94,12.13
QTUM,2021-09-09,12.14,14.18,12.11,13.44
QTUM,2021-09-10,13.44,14.36,12.21,12.49
QTUM,2021-09-11,12.48,13.3,12.37,12.93
QTUM,2021-09-12,12.93,13.77,12.39,13.08
QTUM,2021-09-13,13.07,13.72,11.87,12.48
QTUM,2021-09-14,12.48,12.82,12.33,12.55
QTUM,2021-09-15,12.55,13.02,12.46,12.98
QTUM,2021-09-16,12.98,13.16,12.5,12.71
QTUM,2021-09-17,12.71,13.04,12.28,12.46
QTUM,2021-09-18,12.46,12.81,12.28,12.37
QTUM,2021-09-19,12.37,12.58,12.11,12.31
QTUM,2021-09-20,12.32,12.37,9.983,10.62
QTUM,2021-09-21,10.62,10.79,9.187,9.644
QTUM,2021-09-22,9.629,10.75,9.049,10.68
QTUM,2021-09-23,10.69,10.93,10.33,10.74
QTUM,2021-09-24,10.74,10.98,9.298,10.02
QTUM,2021-09-25,10.02,10.08,9.472,9.628
QTUM,2021-09-26,9.631,9.75,8.828,9.635
QTUM,2021-09-27,9.633,9.973,9.289,9.448
QTUM,2021-09-28,9.45,9.519,8.801,8.94
QTUM,2021-09-29,8.942,9.335,8.543,8.857
QTUM,2021-09-30,8.851,10.47,8.819,10.33
QTUM,2021-10-01,10.33,11.94,10.28,11.49
QTUM,2021-10-02,11.5,13.41,11.41,13.37
QTUM,2021-10-03,13.28,14.66,13.0,13.27
QTUM,2021-10-04,13.27,14.4,12.99,13.58
QTUM,2021-10-05,13.58,13.79,12.83,13.25
QTUM,2021-10-06,13.24,13.93,12.13,13.4
QTUM,2021-10-07,13.41,13.45,12.68,13.1
QTUM,2021-10-08,13.1,13.1,12.58,12.63
QTUM,2021-10-09,12.64,14.19,12.53,14.01
QTUM,2021-10-10,14.03,14.97,13.08,13.15
QTUM,2021-10-11,13.15,13.54,12.81,13.07
QTUM,2021-10-12,13.07,13.24,12.3,13.17
QTUM,2021-10-13,13.18,13.41,12.65,13.23
QTUM,2021-10-14,13.24,13.57,13.1,13.26
QTUM,2021-10-15,13.26,13.35,12.5,12.71
QTUM,2021-10-16,12.68,13.05,12.59,12.74
QTUM,2021-10-17,12.76,12.91,11.98,12.31
QTUM,2021-10-18,12.3,12.55,12.13,12.37
QTUM,2021-10-19,12.37,12.62,12.19,12.33
QTUM,2021-10-20,12.33,13.11,12.17,13.08
QTUM,2021-10-21,13.07,14.15,12.99,13.45
QTUM,2021-10-22,13.47,13.52,12.6,12.67
QTUM,2021-10-23,12.67,13.41,12.64,13.21
QTUM,2021-10-24,13.2,13.4,12.67,12.97
QTUM,2021-10-25,12.97,13.37,12.93,13.15
QTUM,2021-10-26,13.15,13.65,13.14,13.26
QTUM,2021-10-27,13.26,13.28,11.04,12.01
QTUM,2021-10-28,12.01,12.78,11.68,12.53
QTUM,2021-10-29,12.54,13.55,12.5,13.32
QTUM,2021-10-30,13.32,13.39,12.71,13.2
QTUM,2021-10-31,13.21,15.86,12.84,15.85
QTUM,2021-11-01,15.84,19.17,14.42,16.86
QTUM,2021-11-02,16.84,18.07,16.65,17.06
QTUM,2021-11-03,17.07,17.17,15.36,16.41
QTUM,2021-11-04,16.4,16.63,15.39,15.82
QTUM,2021-11-05,15.83,16.27,15.48,15.99
QTUM,2021-11-06,15.97,17.67,15.75,16.82
QTUM,2021-11-07,16.82,17.0,16.28,16.43
QTUM,2021-11-08,16.44,17.38,16.04,16.87
QTUM,2021-11-09,16.88,18.33,16.7,18.17
QTUM,2021-11-10,18.16,18.22,15.39,16.31
QTUM,2021-11-11,16.31,16.54,15.91,16.41
QTUM,2021-11-12,16.41,16.45,15.39,16.09
QTUM,2021-11-13,16.1,16.79,16.09,16.48
QTUM,2021-11-14,16.48,17.93,16.37,17.44
QTUM,2021-11-15,17.48,17.73,16.6,16.77
QTUM,2021-11-16,16.77,16.78,14.39,15.43
QTUM,2021-11-17,15.43,15.48,14.47,14.98
QTUM,2021-11-18,14.97,15.5,13.46,13.75
QTUM,2021-11-19,13.74,15.11,13.29,14.69
QTUM,2021-11-20,14.69,15.48,14.49,15.25
QTUM,2021-11-21,15.25,16.03,15.02,15.52
QTUM,2021-11-22,15.52,15.53,14.49,14.72
QTUM,2021-11-23,14.73,14.928,14.14,14.741
QTUM,2021-11-24,14.741,14.804,13.789,14.562
QTUM,2021-11-25,14.562,17.146,14.257,16.467
QTUM,2021-11-26,16.467,16.608,13.877,14.411
QTUM,2021-11-27,14.446,14.867,14.173,14.644
QTUM,2021-11-28,14.644,15.5706,13.555,15.4033
QTUM,2021-11-29,14.7,15.996,14.7,15.769
QTUM,2021-11-30,15.789,17.067,14.737,16.406
QTUM,2021-12-01,16.406,16.585,14.938,15.03
QTUM,2021-12-02,15.041,15.191,14.309,14.942
QTUM,2021-12-03,14.942,14.942,13.288,13.605
QTUM,2021-12-04,13.605,13.755,8.495,11.418
QTUM,2021-12-05,11.418,11.723,9.82,10.291
QTUM,2021-12-06,10.253,10.738,8.991,10.648
QTUM,2021-12-07,10.648,11.75,10.302,11.006
QTUM,2021-12-08,11.006,11.6,10.687,11.167
QTUM,2021-12-09,11.167,11.414,9.827,10.012
QTUM,2021-12-10,10.012,10.221,9.559,9.627
QTUM,2021-12-11,9.627,10.085,9.28,10.05
QTUM,2021-12-12,10.08,10.156,9.675,10.071
QTUM,2021-12-13,10.071,10.32,8.685,8.981
QTUM,2021-12-14,8.981,9.78116,8.627,9.199
QTUM,2021-12-15,9.199,10.052,8.72436,9.95597
QTUM,2021-12-16,9.95097,10.015,9.39682,9.49885
QTUM,2021-12-17,9.49885,9.53086,8.87755,9.15566
QTUM,2021-12-18,9.15566,9.44678,8.88967,9.28271
QTUM,2021-12-19,9.28271,9.44083,9.07481,9.16858
QTUM,2021-12-20,9.16558,9.21676,8.63173,8.92368
QTUM,2021-12-21,8.92057,9.29071,8.86254,9.2517
QTUM,2021-12-22,9.2517,9.63685,9.16775,9.50975
QTUM,2021-12-23,9.5088,10.2651,9.31086,10.008
QTUM,2021-12-24,10.007,10.5132,9.76786,9.8029
QTUM,2021-12-25,9.80988,10.1521,9.68884,10.075
QTUM,2021-12-26,10.075,10.082,9.64982,9.94097
QTUM,2021-12-27,9.94297,10.4142,9.85694,10.1531
QTUM,2021-12-28,10.152,10.1531,8.9948,9.15683
QTUM,2021-12-29,9.15583,9.24485,8.74487,8.97579
QTUM,2021-12-30,8.9799,9.0058,8.51885,8.81076
QTUM,2021-12-31,8.82376,9.07581,8.46485,8.71187
QTUM,2022-01-01,8.71087,8.94879,8.69013,8.89678
QTUM,2022-01-02,8.90478,9.35394,8.82476,9.20384
QTUM,2022-01-03,9.20984,10.18,9.0279,9.13791
QTUM,2022-01-04,9.14091,9.31907,8.915,9.09009
QTUM,2022-01-05,9.08018,9.278,7.90121,8.23718
QTUM,2022-01-06,8.223,8.41416,8.002,8.38116
QTUM,2022-01-07,8.38435,8.5053,7.72745,7.82822
QTUM,2022-01-08,7.82422,8.08819,7.39026,7.656
QTUM,2022-01-09,7.656,7.822,7.537,7.699
QTUM,2022-01-10,7.712,7.778,6.86331,7.189
QTUM,2022-01-11,7.194,7.54651,7.163,7.50375
QTUM,2022-01-12,7.50325,7.97719,7.46849,7.92817
QTUM,2022-01-13,7.92917,8.01701,7.57403,7.5968
QTUM,2022-01-14,7.59304,7.98719,7.51901,7.86636
QTUM,2022-01-15,7.86336,9.23969,7.73932,8.25212
QTUM,2022-01-16,8.25012,8.31315,7.92796,8.04021
QTUM,2022-01-17,8.03921,8.05822,7.54902,7.65406
QTUM,2022-01-18,7.65806,7.94238,7.46824,7.91817
QTUM,2022-01-19,7.91737,7.92917,7.25918,7.46024
QTUM,2022-01-20,7.45524,7.67653,7.12971,7.20444
QTUM,2022-01-21,7.19844,7.20244,5.9892,6.17323
QTUM,2022-01-22,6.18224,6.28026,5.08302,5.46364
QTUM,2022-01-23,5.46464,5.85576,5.44863,5.60512
QTUM,2022-01-24,5.62613,5.84617,4.95599,5.40662
QTUM,2022-01-25,5.39662,5.5998,5.31259,5.53577
QTUM,2022-01-26,5.54377,6.05363,5.44026,5.53877
QTUM,2022-01-27,5.54332,5.74187,5.37415,5.54677
QTUM,2022-01-28,5.55678,5.81975,5.52521,5.77873
QTUM,2022-01-29,5.76815,6.08482,5.76815,5.9878
QTUM,2022-01-30,5.988,6.17985,5.83213,5.95539
QTUM,2022-01-31,5.95738,6.08865,5.67127,6.04802
QTUM,2022-02-01,6.04402,6.24537,6.03201,6.19872
QTUM,2022-02-02,6.20272,7.04322,5.9944,6.08647
QTUM,2022-02-03,6.08847,6.12406,5.86034,6.04502
QTUM,2022-02-04,6.04402,6.79107,6.03741,6.76741
QTUM,2022-02-05,6.76841,7.31839,6.70636,6.95486
QTUM,2022-02-06,6.95817,7.11327,6.73737,6.94778
QTUM,2022-02-07,6.95078,7.5753,6.93547,7.49224
QTUM,2022-02-08,7.48924,7.56229,6.70536,7.02732
QTUM,2022-02-09,7.02832,7.3033,6.89851,7.26498
QTUM,2022-02-10,7.26025,7.68891,7.09067,7.26408
QTUM,2022-02-11,7.26035,7.32786,6.45193,6.48995
QTUM,2022-02-12,6.48695,6.92746,6.33817,6.71936
QTUM,2022-02-13,6.71536,6.89113,6.39984,6.60296
QTUM,2022-02-14,6.59395,6.66099,6.31178,6.55993
QTUM,2022-02-15,6.56394,8.15307,6.49324,7.53552
QTUM,2022-02-16,7.53952,7.87472,7.37442,7.84092
QTUM,2022-02-17,7.8427,7.98899,6.92484,7.08996
QTUM,2022-02-18,7.07895,7.4975,6.95386,7.22533
QTUM,2022-02-19,7.21733,7.56454,6.61531,6.71135
QTUM,2022-02-20,6.70835,6.88013,6.04302,6.30715
QTUM,2022-02-21,6.31916,6.52526,5.75488,5.87193
QTUM,2022-02-22,5.85893,6.03541,5.53066,5.92096
QTUM,2022-02-23,5.93196,6.74905,5.75287,5.84951
QTUM,2022-02-24,5.85151,5.91436,4.9985,5.71529
QTUM,2022-02-25,5.71171,6.18047,5.71171,6.17909
QTUM,2022-02-26,6.17809,6.36718,6.05742,6.13206
QTUM,2022-02-27,6.13645,6.21348,5.70585,5.87494
QTUM,2022-02-28,5.87435,6.45558,5.7573,6.38255
QTUM,2022-03-01,6.3992,6.81072,6.38855,6.652
QTUM,2022-03-02,6.655,6.77235,6.3369,6.5223
QTUM,2022-03-03,6.51695,6.69401,6.24787,6.39328
QTUM,2022-03-04,6.39892,6.44193,5.82316,5.92478
QTUM,2022-03-05,5.92078,6.12823,5.74115,6.08922
QTUM,2022-03-06,6.08482,6.14084,5.81516,5.88376
QTUM,2022-03-07,5.88376,5.95279,5.5031,5.71071
QTUM,2022-03-08,5.71071,5.87517,5.64513,5.66113
QTUM,2022-03-09,5.66213,6.11422,5.66213,6.0196
QTUM,2022-03-10,6.0306,6.25188,5.75215,6.01541
QTUM,2022-03-11,6.0144,6.04442,5.69171,5.83417
QTUM,2022-03-12,5.82416,6.0246,5.75558,5.80258
QTUM,2022-03-13,5.80974,5.90259,5.5201,5.55767
QTUM,2022-03-14,5.55411,5.79558,5.47855,5.73815
QTUM,2022-03-15,5.74615,5.84917,5.5011,5.73172
QTUM,2022-03-16,5.73672,6.04581,5.6727,5.95879
QTUM,2022-03-17,5.95679,6.06421,5.92137,5.96598
QTUM,2022-03-18,5.96598,6.14407,5.82991,6.08943
QTUM,2022-03-19,6.09104,6.37719,6.09104,6.28151
QTUM,2022-03-20,6.27814,7.34467,6.27151,6.87075
QTUM,2022-03-21,6.87444,7.06683,6.59364,6.84274
QTUM,2022-03-22,6.84174,7.72186,6.79072,7.65683
QTUM,2022-03-23,7.64882,8.33433,7.54502,7.88015
QTUM,2022-03-24,7.87794,8.03721,7.47599,7.97799
QTUM,2022-03-25,7.97519,8.89256,7.72686,8.2141
QTUM,2022-03-26,8.2091,8.36034,8.06003,8.2483
QTUM,2022-03-27,8.2443,8.53026,8.05022,8.44638
QTUM,2022-03-28,8.45438,8.6856,8.21328,8.31532
QTUM,2022-03-29,8.31616,8.88755,8.06322,8.25513
QTUM,2022-03-30,8.24012,9.64686,8.08423,8.78964
QTUM,2022-03-31,8.78463,9.19376,8.16763,8.32366
QTUM,2022-04-01,8.3245,8.5154,7.87536,8.46454
QTUM,2022-04-02,8.46369,9.36274,8.26248,8.39936
QTUM,2022-04-03,8.40536,8.61444,8.13244,8.48554
QTUM,2022-04-04,8.4994,8.59644,7.95159,8.26148
QTUM,2022-04-05,8.26748,8.3195,7.78956,7.92079
QTUM,2022-04-06,7.92258,7.9788,6.915,7.139
QTUM,2022-04-07,7.132,7.30373,6.84,7.17372
QTUM,2022-04-08,7.16872,7.33473,6.91838,6.96679
QTUM,2022-04-09,6.95878,7.11313,6.76003,6.98109
QTUM,2022-04-10,6.97809,7.17215,6.87106,7.04041
QTUM,2022-04-11,7.03141,7.0507,6.08382,6.09483
QTUM,2022-04-12,6.09983,6.56831,6.06182,6.36991
QTUM,2022-04-13,6.36491,6.75503,6.30989,6.70201
QTUM,2022-04-14,6.70634,6.94608,6.39992,6.54065
QTUM,2022-04-15,6.53931,6.74435,6.5113,6.64433
QTUM,2022-04-16,6.64533,7.25045,6.59732,6.89838
QTUM,2022-04-17,6.91638,6.96039,6.70234,6.78236
QTUM,2022-04-18,6.78436,6.79836,6.17962,6.62399
QTUM,2022-04-19,6.62899,6.87537,6.55466,6.78036
QTUM,2022-04-20,6.78636,7.13443,6.62332,6.75735
QTUM,2022-04-21,6.76035,7.27646,6.51565,6.60366
QTUM,2022-04-22,6.60266,6.78036,6.46629,6.60366
QTUM,2022-04-23,6.60232,6.61132,6.37227,6.55131
QTUM,2022-04-24,6.55431,6.57632,6.26663,6.39928
QTUM,2022-04-25,6.40028,6.5163,5.959,6.4793
QTUM,2022-04-26,6.4913,6.60432,5.9706,6.13961
QTUM,2022-04-27,6.13761,6.233,5.9536,6.07961
QTUM,2022-04-28,6.08761,6.245,5.9716,6.08461
QTUM,2022-04-29,6.08861,6.15562,5.70657,5.79758
QTUM,2022-04-30,5.79358,5.93359,5.58,5.60656
QTUM,2022-05-01,5.6,5.664,5.22852,5.525
QTUM,2022-05-02,5.51955,5.70257,5.299,5.50955
QTUM,2022-05-03,5.514,5.638,5.27395,5.37346
QTUM,2022-05-04,5.37546,5.94941,5.35646,5.872
QTUM,2022-05-05,5.874,6.11078,5.28394,5.50945
QTUM,2022-05-06,5.5039,5.52445,5.24695,5.40546
QTUM,2022-05-07,5.40946,5.45645,5.19496,5.20396
QTUM,2022-05-08,5.20496,5.24648,4.993,5.18045
QTUM,2022-05-09,5.17845,5.18344,4.38912,4.72206
QTUM,2022-05-10,4.71406,5.30441,4.21174,4.51919
QTUM,2022-05-11,4.52519,4.96501,3.76327,3.96328
QTUM,2022-05-12,3.97524,4.22817,2.99315,3.51314
QTUM,2022-05-13,3.51114,4.22977,3.44168,4.07007
QTUM,2022-05-14,4.06508,4.10102,3.66429,3.97603
QTUM,2022-05-15,3.98242,4.21494,3.93109,4.21052
QTUM,2022-05-16,4.20794,4.29684,3.86635,4.06771
QTUM,2022-05-17,4.0747,4.28528,3.94147,4.18955
QTUM,2022-05-18,4.18755,4.35976,3.83501,3.86996
QTUM,2022-05-19,3.87756,4.03536,3.67122,3.92107
QTUM,2022-05-20,3.92107,4.06711,3.72215,3.81142
QTUM,2022-05-21,3.81142,3.99979,3.7651,3.86797
QTUM,2022-05-22,3.86258,4.11805,3.86159,4.06512
QTUM,2022-05-23,4.05912,4.58441,4.04954,4.26388
QTUM,2022-05-24,4.26745,4.26745,3.8158,4.04274
QTUM,2022-05-25,4.05631,4.27986,3.98261,4.09508
QTUM,2022-05-26,4.09009,4.15842,3.62001,3.83716
QTUM,2022-05-27,3.83877,3.88611,3.61002,3.6913
QTUM,2022-05-28,3.68979,3.82475,3.67,3.75764
QTUM,2022-05-29,3.75852,3.85491,3.67229,3.84477
QTUM,2022-05-30,3.84676,4.19764,3.82886,4.16267
QTUM,2022-05-31,4.16766,4.24403,4.01079,4.11271
QTUM,2022-06-01,4.11283,4.30585,3.76623,3.79358
QTUM,2022-06-02,3.79158,3.97042,3.77122,3.95744
QTUM,2022-06-03,3.95843,3.9944,3.74444,3.85065
QTUM,2022-06-04,3.85265,3.88035,3.72912,3.85807
QTUM,2022-06-05,3.8631,3.94365,3.79492,3.89034
QTUM,2022-06-06,3.89533,4.23848,3.85933,4.04955
QTUM,2022-06-07,4.0496,4.06055,3.77383,4.03673
QTUM,2022-06-08,4.03877,4.07506,3.86114,3.95343
QTUM,2022-06-09,3.95543,4.01495,3.87613,3.93569
QTUM,2022-06-10,3.93469,3.94784,3.61605,3.70229
QTUM,2022-06-11,3.70129,3.72901,3.31289,3.38717
QTUM,2022-06-12,3.38713,3.42509,3.08561,3.246
QTUM,2022-06-13,3.245,3.245,2.61505,2.81808
QTUM,2022-06-14,2.81608,2.83306,2.49325,2.63783
QTUM,2022-06-15,2.64482,2.93348,2.46957,2.90464
QTUM,2022-06-16,2.91063,2.94417,2.63983,2.69449
QTUM,2022-06-17,2.63234,2.79889,2.61539,2.75869
QTUM,2022-06-18,2.76068,2.78871,2.38351,2.51592
QTUM,2022-06-19,2.51891,2.78665,2.4803,2.74343
QTUM,2022-06-20,2.74343,2.83516,2.63457,2.73998
QTUM,2022-06-21,2.73871,2.96063,2.71201,2.82589
QTUM,2022-06-22,2.82689,2.87812,2.68931,2.79021
QTUM,2022-06-23,2.79221,2.95504,2.72327,2.90909
QTUM,2022-06-24,2.9078,3.14748,2.90709,3.11357
QTUM,2022-06-25,3.11288,3.21256,2.96096,3.16978
QTUM,2022-06-26,3.17278,3.21681,2.9902,3.09708
QTUM,2022-06-27,3.09708,3.13396,2.92827,2.99433
QTUM,2022-06-28,2.99533,3.11117,2.87547,2.99129
QTUM,2022-06-29,2.99026,2.99625,2.79034,2.8925
QTUM,2022-06-30,2.89252,2.90651,2.61362,2.71074
QTUM,2022-07-01,2.71174,2.95404,2.6905,2.75696
QTUM,2022-07-02,2.75796,2.83588,2.69177,2.82061
QTUM,2022-07-03,2.82361,2.85329,2.73045,2.81933
QTUM,2022-07-04,2.81805,2.9105,2.71946,2.87055
QTUM,2022-07-05,2.87754,2.92049,2.72173,2.85885
QTUM,2022-07-06,2.85885,2.87883,2.77167,2.86185
QTUM,2022-07-07,2.86185,3.01189,2.84387,2.9952
QTUM,2022-07-08,2.9912,3.06954,2.87527,2.93924
QTUM,2022-07-09,2.93824,3.17309,2.92624,3.04217
QTUM,2022-07-10,3.04187,3.05117,2.88398,2.94623
QTUM,2022-07-11,2.93824,2.95123,2.75252,2.75752
QTUM,2022-07-12,2.75735,2.75807,2.61812,2.62711
QTUM,2022-07-13,2.62345,2.70429,2.50524,2.6696
QTUM,2022-07-14,2.67059,2.78905,2.61564,2.74435
QTUM,2022-07-15,2.74435,2.83458,2.72237,2.80516
QTUM,2022-07-16,2.80316,2.89142,2.71918,2.85814
QTUM,2022-07-17,2.85826,3.08329,2.83252,3.00522
QTUM,2022-07-18,3.00922,3.25848,2.93706,3.10928
QTUM,2022-07-19,3.11307,3.28953,3.07175,3.28353
QTUM,2022-07-20,3.283,3.35734,3.03394,3.11516
QTUM,2022-07-21,3.11516,3.12134,2.96839,3.09774
QTUM,2022-07-22,3.09077,3.47531,3.06577,3.28072
QTUM,2022-07-23,3.278,3.45328,3.19029,3.38364
QTUM,2022-07-24,3.38834,3.49942,3.34517,3.44669
QTUM,2022-07-25,3.44669,3.58722,3.23184,3.44828
QTUM,2022-07-26,3.44328,3.52432,3.17425,3.48249
QTUM,2022-07-27,3.52253,4.09198,3.47921,4.06197
QTUM,2022-07-28,4.06898,4.68637,4.06698,4.42388
QTUM,2022-07-29,4.42689,5.25195,4.402,4.70193
QTUM,2022-07-30,4.68587,4.84665,4.39427,4.39845
QTUM,2022-07-31,4.39249,4.43393,4.166,4.17396
QTUM,2022-08-01,4.17567,4.19805,3.96112,4.11824
QTUM,2022-08-02,4.11315,4.18971,3.83249,4.00868
QTUM,2022-08-03,4.00976,4.14162,3.83696,4.04601
QTUM,2022-08-04,4.04193,4.04193,3.85127,3.89512
QTUM,2022-08-05,3.89412,4.12582,3.89312,4.06477
QTUM,2022-08-06,4.06477,4.24685,4.05977,4.18596
QTUM,2022-08-07,4.19092,4.19096,4.03797,4.17275
QTUM,2022-08-08,4.17179,4.34065,4.07469,4.1815
QTUM,2022-08-09,4.1825,4.2168,3.90586,4.0158
QTUM,2022-08-10,4.0158,4.21301,3.90994,4.18521
QTUM,2022-08-11,4.18521,4.36201,4.17517,4.27601
QTUM,2022-08-12,4.27501,4.28376,4.12665,4.24495
QTUM,2022-08-13,4.24495,4.35357,4.24495,4.30568
QTUM,2022-08-14,4.30572,4.37262,4.14095,4.17125
QTUM,2022-08-15,4.17325,4.27307,4.03297,4.09102
QTUM,2022-08-16,4.09102,4.16375,3.96328,4.02636
QTUM,2022-08-17,4.02636,4.25264,3.91296,4.01228
QTUM,2022-08-18,4.01328,4.08212,3.91527,3.94504
QTUM,2022-08-19,3.9524,3.9524,3.298,3.30433
QTUM,2022-08-20,3.30933,3.43241,3.2421,3.32697
QTUM,2022-08-21,3.3209,3.51475,3.3209,3.4799
QTUM,2022-08-22,3.4859,3.51007,3.24871,3.36843
QTUM,2022-08-23,3.36849,3.53196,3.334,3.49007
QTUM,2022-08-24,3.50265,3.57821,3.4009,3.51332
QTUM,2022-08-25,3.53932,3.54586,3.42607,3.4921
QTUM,2022-08-26,3.4911,3.49783,3.16384,3.18932
QTUM,2022-08-27,3.18932,3.19529,3.03336,3.07909
QTUM,2022-08-28,3.07309,3.17113,3.06879,3.092
QTUM,2022-08-29,3.09797,3.18154,2.94074,3.17119
QTUM,2022-08-30,3.17132,3.25293,3.00912,3.10428
QTUM,2022-08-31,3.12128,3.23106,3.10125,3.17797
QTUM,2022-09-01,3.16894,3.19003,3.03803,3.17181
QTUM,2022-09-02,3.17181,3.24519,3.08912,3.14253
QTUM,2022-09-03,3.1425,3.17932,3.104,3.14731
QTUM,2022-09-04,3.14831,3.23732,3.11,3.22
QTUM,2022-09-05,3.22,3.25833,3.094,3.22632
QTUM,2022-09-06,3.22632,3.38134,2.9817,2.997
QTUM,2022-09-07,2.997,3.14097,2.91991,3.10722
QTUM,2022-09-08,3.107,3.19922,3.03706,3.14847
QTUM,2022-09-09,3.14144,3.38161,3.14138,3.31109
QTUM,2022-09-10,3.32123,3.44745,3.30396,3.35367
QTUM,2022-09-11,3.35764,3.38915,3.23581,3.24078
QTUM,2022-09-12,3.24678,3.40668,3.23571,3.30066
QTUM,2022-09-13,3.30099,3.3126,3.00812,3.05606
QTUM,2022-09-14,3.04806,3.10616,3.00303,3.08883
QTUM,2022-09-15,3.08677,3.11044,2.94541,3.0057
QTUM,2022-09-16,2.99685,3.011,2.92271,3.0037
QTUM,2022-09-17,3.0067,3.07931,2.991,3.06831
QTUM,2022-09-18,3.063,3.08531,2.79472,2.869
QTUM,2022-09-19,2.862,2.93459,2.769,2.91329
QTUM,2022-09-20,2.92529,2.95259,2.82928,2.88429
QTUM,2022-09-21,2.882,2.9966,2.736,2.762
QTUM,2022-09-22,2.768,2.908,2.715,2.872
QTUM,2022-09-23,2.88271,2.9733,2.80272,2.90571
QTUM,2022-09-24,2.90383,2.94394,2.87026,2.87323
QTUM,2022-09-25,2.879,2.89414,2.771,2.771
QTUM,2022-09-26,2.782,2.85,2.715,2.803
QTUM,2022-09-27,2.81,3.068,2.805,2.87171
QTUM,2022-09-28,2.86671,2.898,2.73873,2.85
QTUM,2022-09-29,2.86,2.87029,2.77,2.85929
QTUM,2022-09-30,2.86229,2.92258,2.82372,2.829
QTUM,2022-10-01,2.831,2.871,2.813,2.838
QTUM,2022-10-02,2.838,2.86029,2.78228,2.815
QTUM,2022-10-03,2.808,2.86629,2.742,2.85329
QTUM,2022-10-04,2.85786,2.91958,2.84357,2.90087
QTUM,2022-10-05,2.90087,2.91087,2.814,2.85857
QTUM,2022-10-06,2.86057,2.92644,2.82945,2.82948
QTUM,2022-10-07,2.83348,2.84837,2.78803,2.81239
QTUM,2022-10-08,2.81537,2.84834,2.8067,2.8067
QTUM,2022-10-09,2.8177,2.89458,2.80837,2.87157
QTUM,2022-10-10,2.86957,2.94029,2.78156,2.80772
QTUM,2022-10-11,2.807,2.809,2.65973,2.69376
QTUM,2022-10-12,2.69376,2.73389,2.67363,2.71108
QTUM,2022-10-13,2.711,2.71697,2.44183,2.68121
QTUM,2022-10-14,2.67824,2.74619,2.59705,2.6001
QTUM,2022-10-15,2.5981,2.67013,2.59408,2.64913
QTUM,2022-10-16,2.65116,2.70414,2.62218,2.65211
QTUM,2022-10-17,2.66711,2.73422,2.64503,2.71705
QTUM,2022-10-18,2.71708,2.75714,2.63903,2.68411
QTUM,2022-10-19,2.68416,2.70011,2.63405,2.655
QTUM,2022-10-20,2.654,2.68516,2.56492,2.60782
QTUM,2022-10-21,2.60882,2.64311,2.5219,2.62218
QTUM,2022-10-22,2.62721,2.70516,2.59323,2.66024
QTUM,2022-10-23,2.66321,2.73844,2.62426,2.73538
QTUM,2022-10-24,2.7263,2.77519,2.65411,2.68011
QTUM,2022-10-25,2.68011,2.82788,2.66192,2.78589
QTUM,2022-10-26,2.78592,2.87778,2.75874,2.8518
QTUM,2022-10-27,2.84583,2.94059,2.77597,2.80417
QTUM,2022-10-28,2.79717,2.92353,2.76317,2.89358
QTUM,2022-10-29,2.89155,2.99317,2.88261,2.93968
QTUM,2022-10-30,2.93871,3.0026,2.82557,2.85457
QTUM,2022-10-31,2.85457,2.91,2.81014,2.87077
QTUM,2022-11-01,2.86686,2.89242,2.80652,2.80972
QTUM,2022-11-02,2.80972,2.87209,2.70089,2.74789
QTUM,2022-11-03,2.74186,2.88968,2.73984,2.80197
QTUM,2022-11-04,2.8,3.01509,2.78997,3.00624
QTUM,2022-11-05,3.00624,3.08806,2.99027,3.05218
QTUM,2022-11-06,3.05215,3.05415,2.91506,2.92423
QTUM,2022-11-07,2.92423,2.95606,2.80325,2.87534
QTUM,2022-11-08,2.87386,2.92488,2.21153,2.43629
QTUM,2022-11-09,2.44431,2.51075,1.98858,2.02739
QTUM,2022-11-10,2.01634,2.56889,1.98443,2.33878
QTUM,2022-11-11,2.34226,2.68906,2.21878,2.29853
QTUM,2022-11-12,2.30592,2.32258,2.2875,2.29187
QTUM,2022-11-13,2.29187,2.30323,1.9894,2.01517
QTUM,2022-11-14,2.01418,2.05033,1.8662,2.00199
QTUM,2022-11-15,2.00189,2.14785,1.9982,2.08192
QTUM,2022-11-16,2.07492,2.11563,2.00293,2.04913
QTUM,2022-11-17,2.04813,2.06728,2.00517,2.03741
QTUM,2022-11-18,2.03541,2.10908,2.0205,2.05963
QTUM,2022-11-19,2.05963,2.1287,2.03182,2.11078
QTUM,2022-11-20,2.1118,2.16064,2.00675,2.01493
QTUM,2022-11-21,2.01495,2.04803,1.94204,2.00759
QTUM,2022-11-22,2.00759,2.0583,1.93567,2.05349
QTUM,2022-11-23,2.05436,2.14666,2.04147,2.14566
QTUM,2022-11-24,2.14664,2.19496,2.12407,2.15219
QTUM,2022-11-25,2.14717,2.23044,2.09836,2.16676
QTUM,2022-11-26,2.16874,2.19975,2.14065,2.15075
QTUM,2022-11-27,2.15075,2.21369,2.14973,2.20359
QTUM,2022-11-28,2.20259,2.20272,2.05987,2.1172
QTUM,2022-11-29,2.11917,2.18189,2.0931,2.14621
QTUM,2022-11-30,2.1482,2.24949,2.14027,2.24509
QTUM,2022-12-01,2.23807,2.24625,2.19015,2.22013
QTUM,2022-12-02,2.21713,2.24829,2.18017,2.23713
QTUM,2022-12-03,2.23713,2.25223,2.18322,2.19222
QTUM,2022-12-04,2.19222,2.22422,2.17422,2.19022
QTUM,2022-12-05,2.18844,2.24227,2.155,2.17607
QTUM,2022-12-06,2.17804,2.21102,2.17302,2.21096
QTUM,2022-12-07,2.20698,2.23098,2.11198,2.122
QTUM,2022-12-08,2.123,2.17133,2.101,2.15915
QTUM,2022-12-09,2.15915,2.22002,2.15398,2.16306
QTUM,2022-12-10,2.16209,2.33998,2.16209,2.21796
QTUM,2022-12-11,2.21796,2.328,2.20498,2.24745
QTUM,2022-12-12,2.24845,2.28623,2.13004,2.2202
QTUM,2022-12-13,2.22044,2.30642,2.16754,2.29345
QTUM,2022-12-14,2.29345,2.39376,2.29322,2.36717
QTUM,2022-12-15,2.35724,2.42024,2.31423,2.35847
QTUM,2022-12-16,2.35647,2.38024,2.18322,2.19822
QTUM,2022-12-17,2.19422,2.21344,2.0051,2.05227
QTUM,2022-12-18,2.05221,2.06621,2.01022,2.03426
QTUM,2022-12-19,2.028,2.05733,1.87606,1.90296
QTUM,2022-12-20,1.90198,2.01916,1.89802,2.01608
QTUM,2022-12-21,2.01508,2.02508,1.96198,1.9721
QTUM,2022-12-22,1.9741,2.00098,1.93681,1.98466
QTUM,2022-12-23,1.98466,2.0168,1.98168,1.9968
QTUM,2022-12-24,1.99778,2.01384,1.9818,1.99886
QTUM,2022-12-25,1.9992,2.0049,1.94465,1.96574
QTUM,2022-12-26,1.96776,1.97882,1.92679,1.95661
QTUM,2022-12-27,1.95561,1.97059,1.89413,1.90626
QTUM,2022-12-28,1.90726,1.92225,1.82545,1.852
QTUM,2022-12-29,1.85202,1.8962,1.81825,1.83619
QTUM,2022-12-30,1.83617,1.86114,1.76528,1.82607
QTUM,2022-12-31,1.82657,1.84921,1.82657,1.83468
QTUM,2023-01-01,1.83436,1.87995,1.82019,1.87122
QTUM,2023-01-02,1.86894,1.91505,1.84514,1.90169
QTUM,2023-01-03,1.90447,1.91129,1.86056,1.88406
QTUM,2023-01-04,1.88396,1.96891,1.88313,1.93456
QTUM,2023-01-05,1.93524,1.98872,1.91282,1.93152
QTUM,2023-01-06,1.93372,1.95695,1.86331,1.95539
QTUM,2023-01-07,1.95577,1.99582,1.94482,1.95763
QTUM,2023-01-08,1.95691,2.0016,1.93339,2.00146
QTUM,2023-01-09,2.0019,2.11321,2.0015,2.07138
QTUM,2023-01-10,2.0664,2.13155,2.0361,2.09139
QTUM,2023-01-11,2.09311,2.1191,2.04128,2.11631
QTUM,2023-01-12,2.11625,2.19743,2.0711,2.1849
QTUM,2023-01-13,2.18442,2.30918,2.16419,2.28221
QTUM,2023-01-14,2.28218,2.48937,2.25636,2.39712
QTUM,2023-01-15,2.39524,2.44088,2.33447,2.4311
QTUM,2023-01-16,2.42923,2.48377,2.27841,2.37105
QTUM,2023-01-17,2.37102,2.43502,2.35014,2.38026
QTUM,2023-01-18,2.38924,2.41717,2.18772,2.24689
QTUM,2023-01-19,2.24087,2.31893,2.20998,2.30391
QTUM,2023-01-20,2.30391,2.51133,2.28698,2.48642
QTUM,2023-01-21,2.49345,2.55374,2.4543,2.5055
QTUM,2023-01-22,2.52238,2.6285,2.47942,2.53451
QTUM,2023-01-23,2.53451,2.61508,2.52948,2.60039
QTUM,2023-01-24,2.60036,2.75344,2.47637,2.50208
QTUM,2023-01-25,2.50208,2.6145,2.40536,2.53841
QTUM,2023-01-26,2.53641,2.6904,2.53443,2.62821
QTUM,2023-01-27,2.62824,2.73379,2.56618,2.70603
QTUM,2023-01-28,2.70495,2.75672,2.61163,2.63053
QTUM,2023-01-29,2.63053,2.74016,2.63037,2.71324
QTUM,2023-01-30,2.72191,2.85814,2.63416,2.75519
QTUM,2023-01-31,2.75219,2.77314,2.59779,2.67724
QTUM,2023-02-01,2.67521,2.76411,2.53803,2.74916
QTUM,2023-02-02,2.75014,2.82628,2.70627,2.75255
QTUM,2023-02-03,2.75258,2.80211,2.69627,2.77822
QTUM,2023-02-04,2.78522,2.87832,2.75619,2.84723
QTUM,2023-02-05,2.84223,3.02958,2.67672,2.8167
QTUM,2023-02-06,2.81873,2.90029,2.74652,2.84311
QTUM,2023-02-07,2.83911,2.94321,2.79911,2.94321
QTUM,2023-02-08,2.94418,2.9993,2.81545,2.9172
QTUM,2023-02-09,2.90617,3.19694,2.57662,2.61126
QTUM,2023-02-10,2.61326,2.97265,2.61326,2.74541
QTUM,2023-02-11,2.74341,2.77547,2.69224,2.74427
QTUM,2023-02-12,2.74527,2.81231,2.63837,2.68527
QTUM,2023-02-13,2.68827,2.69624,2.50235,2.61141
QTUM,2023-02-14,2.60843,2.68423,2.55702,2.67101
QTUM,2023-02-15,2.66541,2.87249,2.64298,2.85551
QTUM,2023-02-16,2.86952,3.18557,2.8289,2.85097
QTUM,2023-02-17,2.85097,3.16325,2.79111,3.08031
QTUM,2023-02-18,3.08446,3.14441,3.03073,3.08052
QTUM,2023-02-19,3.08049,3.35554,3.01542,3.21471
QTUM,2023-02-20,3.21371,3.76949,3.16692,3.65415
QTUM,2023-02-21,3.65215,4.32974,3.54567,3.60265
QTUM,2023-02-22,3.60661,3.71452,3.43958,3.656
QTUM,2023-02-23,3.65146,3.6893,3.43969,3.46922
QTUM,2023-02-24,3.46992,3.49909,3.13513,3.17437
QTUM,2023-02-25,3.17434,3.34123,3.1645,3.24073
QTUM,2023-02-26,3.24009,3.45904,3.23036,3.41324
QTUM,2023-02-27,3.41367,3.55255,3.39737,3.46101
QTUM,2023-02-28,3.46237,3.48677,3.22049,3.25065
QTUM,2023-03-01,3.25125,3.47045,3.19671,3.36564
QTUM,2023-03-02,3.36534,3.38981,3.17544,3.25319
QTUM,2023-03-03,3.25286,3.26683,2.876,3.03891
QTUM,2023-03-04,3.03871,3.11329,2.91115,2.96031
QTUM,2023-03-05,2.96014,3.06895,2.95344,2.97083
QTUM,2023-03-06,2.96916,3.06528,2.89842,3.03982
QTUM,2023-03-07,3.03567,3.08924,2.87671,2.90395
QTUM,2023-03-08,2.90395,2.94121,2.72986,2.75329
QTUM,2023-03-09,2.75332,2.84603,2.5175,2.54183
QTUM,2023-03-10,2.53935,2.5679,2.38821,2.51673
QTUM,2023-03-11,2.51196,2.60382,2.37258,2.47181
QTUM,2023-03-12,2.47387,2.69566,2.4714,2.6805
QTUM,2023-03-13,2.68061,2.88472,2.63781,2.88185
QTUM,2023-03-14,2.8822,3.06917,2.79428,2.95881
QTUM,2023-03-15,2.95938,3.01814,2.68311,2.75583
QTUM,2023-03-16,2.75291,2.82839,2.71457,2.80498
QTUM,2023-03-17,2.80425,3.07206,2.7928,3.05571
QTUM,2023-03-18,3.05842,3.18792,2.94433,2.98764
QTUM,2023-03-19,2.98984,3.50542,2.94906,3.44872
QTUM,2023-03-20,3.44641,3.88007,3.26672,3.31807
QTUM,2023-03-21,3.31409,3.43341,3.08249,3.19917
QTUM,2023-03-22,3.20151,3.25352,2.94633,3.01524
QTUM,2023-03-23,3.01592,3.35012,3.00856,3.23892
QTUM,2023-03-24,3.23819,3.43505,3.1478,3.1691
QTUM,2023-03-25,3.16561,3.28427,3.05566,3.08236
QTUM,2023-03-26,3.08269,3.14119,3.04075,3.10691
QTUM,2023-03-27,3.11182,3.22055,2.92726,3.00211
QTUM,2023-03-28,2.99701,3.10255,2.96015,3.04326
QTUM,2023-03-29,3.04699,3.20377,3.04419,3.1801
QTUM,2023-03-30,3.17865,3.1989,3.0214,3.08443
QTUM,2023-03-31,3.08773,3.11472,2.99268,3.09632
QTUM,2023-04-01,3.09882,3.14841,3.08025,3.14673
QTUM,2023-04-02,3.14346,3.16035,3.06108,3.09832
QTUM,2023-04-03,3.09645,3.17176,3.01022,3.06439
QTUM,2023-04-04,3.0692,3.15092,3.05676,3.12879
QTUM,2023-04-05,3.1314,3.18202,3.07234,3.12602
QTUM,2023-04-06,3.1294,3.39136,3.0925,3.22883
QTUM,2023-04-07,3.22813,3.23937,3.07618,3.09539
QTUM,2023-04-08,3.09729,3.24201,3.09323,3.12322
QTUM,2023-04-09,3.12322,3.15361,3.06181,3.1371
QTUM,2023-04-10,3.14704,3.20527,3.06704,3.18758
QTUM,2023-04-11,3.18861,3.27401,3.18852,3.22616
QTUM,2023-04-12,3.22619,3.2415,3.08932,3.2045
QTUM,2023-04-13,3.2075,3.24217,3.15609,3.2281
QTUM,2023-04-14,3.22806,3.36136,3.22751,3.31672
QTUM,2023-04-15,3.31675,3.35228,3.27211,3.30894
QTUM,2023-04-16,3.31295,3.52192,3.30277,3.44834
QTUM,2023-04-17,3.44831,3.44934,3.25324,3.28097
QTUM,2023-04-18,3.28093,3.36935,3.21538,3.31856
QTUM,2023-04-19,3.3166,3.36688,3.00775,3.11171
QTUM,2023-04-20,3.11271,3.11794,2.95135,2.99124
QTUM,2023-04-21,2.99518,3.03806,2.8434,2.86169
QTUM,2023-04-22,2.86169,2.97703,2.85603,2.9593
QTUM,2023-04-23,2.95927,2.97124,2.84163,2.89714
QTUM,2023-04-24,2.88612,2.96197,2.81654,2.86106
QTUM,2023-04-25,2.85206,2.9367,2.77914,2.9347
QTUM,2023-04-26,2.93968,3.04858,2.72552,2.87192
QTUM,2023-04-27,2.83791,2.9611,2.8279,2.91299
QTUM,2023-04-28,2.91093,2.91999,2.79326,2.86721
QTUM,2023-04-29,2.87221,2.90515,2.85302,2.89671
QTUM,2023-04-30,2.89968,2.9272,2.82467,2.84762
QTUM,2023-05-01,2.84659,2.88504,2.76392,2.78275
QTUM,2023-05-02,2.78172,2.80373,2.72403,2.77669
QTUM,2023-05-03,2.77669,2.82776,2.6897,2.81773
QTUM,2023-05-04,2.82273,2.85551,2.77511,2.80301
QTUM,2023-05-05,2.80504,2.88242,2.79301,2.87461
QTUM,2023-05-06,2.87464,2.89386,2.73721,2.78083
QTUM,2023-05-07,2.76569,2.78386,2.71918,2.73522
QTUM,2023-05-08,2.73437,2.75525,2.47368,2.54493
QTUM,2023-05-09,2.54291,2.63864,2.54285,2.6056
QTUM,2023-05-10,2.60915,2.68114,2.50475,2.64364
QTUM,2023-05-11,2.63964,2.66766,2.49049,2.54955
QTUM,2023-05-12,2.55055,2.59155,2.47047,2.58607
QTUM,2023-05-13,2.58206,2.60256,2.52451,2.54027
QTUM,2023-05-14,2.54327,2.58155,2.51926,2.54853
QTUM,2023-05-15,2.54627,2.64285,2.52426,2.62584
QTUM,2023-05-16,2.62584,2.65986,2.5698,2.61231
QTUM,2023-05-17,2.61304,2.69608,2.58029,2.67307
QTUM,2023-05-18,2.67307,2.67934,2.58303,2.64206
QTUM,2023-05-19,2.64306,2.68435,2.60223,2.64879
QTUM,2023-05-20,2.64932,2.65939,2.61757,2.64138
QTUM,2023-05-21,2.64064,2.64564,2.55253,2.56454
QTUM,2023-05-22,2.55928,2.6666,2.52051,2.64232
QTUM,2023-05-23,2.64532,2.76839,2.6057,2.70416
QTUM,2023-05-24,2.70535,2.78653,2.62918,2.72084
QTUM,2023-05-25,2.71886,2.77281,2.56903,2.57605
QTUM,2023-05-26,2.57403,2.62702,2.56328,2.61352
QTUM,2023-05-27,2.61278,2.69408,2.5867,2.68602
QTUM,2023-05-28,2.68407,2.7608,2.6818,2.75163
QTUM,2023-05-29,2.75163,2.82776,2.72468,2.74882
QTUM,2023-05-30,2.7488,2.75383,2.69154,2.71809
QTUM,2023-05-31,2.71108,2.71971,2.5798,2.60942
QTUM,2023-06-01,2.60847,2.62768,2.54866,2.58475
QTUM,2023-06-02,2.58675,2.65174,2.55754,2.64269
QTUM,2023-06-03,2.64269,2.69094,2.62892,2.66607
QTUM,2023-06-04,2.67001,2.70873,2.64482,2.69986
QTUM,2023-06-05,2.69986,2.7189,2.39274,2.45371
QTUM,2023-06-06,2.44573,2.50445,2.38641,2.49772
QTUM,2023-06-07,2.4947,2.52361,2.34926,2.35026
QTUM,2023-06-08,2.35026,2.40119,2.32139,2.35742
QTUM,2023-06-09,2.35742,2.37293,2.31354,2.34855
QTUM,2023-06-10,2.34853,2.3526,1.84935,2.08221
QTUM,2023-06-11,2.08421,2.14601,2.06793,2.12487
QTUM,2023-06-12,2.12685,2.13306,2.0478,2.13109
QTUM,2023-06-13,2.13106,2.18502,2.10147,2.12072
QTUM,2023-06-14,2.12275,2.13444,1.9756,2.00682
QTUM,2023-06-15,2.00682,2.07906,1.9908,2.06426
QTUM,2023-06-16,2.06329,2.09295,2.00641,2.06836
QTUM,2023-06-17,2.06739,2.15006,2.06455,2.09012
QTUM,2023-06-18,2.09012,2.09933,2.03061,2.05153
QTUM,2023-06-19,2.05155,2.07573,2.02782,2.04737
QTUM,2023-06-20,2.04634,2.13332,2.00016,2.10732
QTUM,2023-06-21,2.10732,2.30807,2.10732,2.24211
QTUM,2023-06-22,2.24225,2.33112,2.22204,2.26645
QTUM,2023-06-23,2.26348,2.47912,2.24147,2.39139
QTUM,2023-06-24,2.39241,2.45022,2.34322,2.39251
QTUM,2023-06-25,2.39548,2.46174,2.37883,2.41277
QTUM,2023-06-26,2.41277,2.4633,2.34368,2.3605
QTUM,2023-06-27,2.35349,2.5383,2.34352,2.47847
QTUM,2023-06-28,2.47847,2.48837,2.21838,2.27698
QTUM,2023-06-29,2.27198,2.35579,2.26675,2.30868
QTUM,2023-06-30,2.3087,2.79139,2.28489,2.6471
QTUM,2023-07-01,2.6491,3.55764,2.6491,2.952
QTUM,2023-07-02,2.95797,3.0257,2.78369,2.81225
QTUM,2023-07-03,2.82025,2.86509,2.7047,2.71716
QTUM,2023-07-04,2.71522,3.07361,2.70814,2.82662
QTUM,2023-07-05,2.83059,2.86157,2.60692,2.67543
QTUM,2023-07-06,2.6744,2.95997,2.66529,2.78278
QTUM,2023-07-07,2.77875,2.88286,2.69735,2.76428
QTUM,2023-07-08,2.76425,2.82017,2.74816,2.79948
QTUM,2023-07-09,2.79845,2.8646,2.73638,2.7595
QTUM,2023-07-10,2.7635,2.83834,2.6654,2.80256
QTUM,2023-07-11,2.82757,2.82757,2.732,2.77603
QTUM,2023-07-12,2.77811,2.83706,2.69573,2.72792
QTUM,2023-07-13,2.71995,2.91779,2.69284,2.89016
QTUM,2023-07-14,2.89113,2.98743,2.71295,2.75935
QTUM,2023-07-15,2.75935,2.83891,2.75643,2.78083
QTUM,2023-07-16,2.78081,2.80684,2.69829,2.72625
QTUM,2023-07-17,2.72728,2.76866,2.64458,2.76247
QTUM,2023-07-18,2.76247,2.79753,2.66516,2.7056
QTUM,2023-07-19,2.70259,2.75155,2.688,2.72397
QTUM,2023-07-20,2.72,2.79314,2.67424,2.72097
QTUM,2023-07-21,2.71976,2.7667,2.69495,2.74705
QTUM,2023-07-22,2.74103,2.878,2.7243,2.74427
QTUM,2023-07-23,2.7443,2.79092,2.6854,2.74492
QTUM,2023-07-24,2.74695,2.76581,2.55272,2.59969
QTUM,2023-07-25,2.59969,2.6079,2.55569,2.59182
QTUM,2023-07-26,2.59077,2.60166,2.50875,2.5731
QTUM,2023-07-27,2.5811,2.583,2.51947,2.55431
QTUM,2023-07-28,2.55431,2.60511,2.53624,2.56395
QTUM,2023-07-29,2.55995,2.6069,2.54695,2.599
QTUM,2023-07-30,2.59997,2.71381,2.539,2.58177
QTUM,2023-07-31,2.58177,2.62132,2.54352,2.56856
QTUM,2023-08-01,2.56856,2.76775,2.51142,2.73161
QTUM,2023-08-02,2.73061,2.94494,2.67942,2.69346
QTUM,2023-08-03,2.69244,2.80104,2.60542,2.61685
QTUM,2023-08-04,2.61885,2.64917,2.52736,2.53735
QTUM,2023-08-05,2.53435,2.55834,2.49538,2.52722
QTUM,2023-08-06,2.52851,2.60932,2.52546,2.57222
QTUM,2023-08-07,2.57713,2.60287,2.4567,2.53303
QTUM,2023-08-08,2.53303,2.63542,2.52364,2.61861
QTUM,2023-08-09,2.62061,2.62561,2.57502,2.58974
QTUM,2023-08-10,2.58974,2.62103,2.56717,2.60524
QTUM,2023-08-11,2.60524,2.63733,2.60221,2.61714
QTUM,2023-08-12,2.61712,2.65174,2.58353,2.60154
QTUM,2023-08-13,2.59752,2.60954,2.56707,2.57699
QTUM,2023-08-14,2.57799,2.67306,2.54371,2.56505
QTUM,2023-08-15,2.56505,2.56653,2.32746,2.44031
QTUM,2023-08-16,2.44331,2.44616,2.24664,2.27745
QTUM,2023-08-17,2.27545,2.33814,1.87185,2.04683
QTUM,2023-08-18,2.05283,2.21363,2.026,2.1899
QTUM,2023-08-19,2.1931,2.24753,2.16235,2.22642
QTUM,2023-08-20,2.22742,2.26784,2.21758,2.25089
QTUM,2023-08-21,2.25086,2.25491,2.17261,2.20867
QTUM,2023-08-22,2.20562,2.21922,2.13542,2.16826
QTUM,2023-08-23,2.16726,2.27211,2.1602,2.23055
QTUM,2023-08-24,2.23055,2.25244,2.19071,2.21287
QTUM,2023-08-25,2.20887,2.22584,2.15618,2.19577
QTUM,2023-08-26,2.19184,2.21705,2.16485,2.1778
QTUM,2023-08-27,2.1788,2.1788,2.14212,2.15399
QTUM,2023-08-28,2.15397,2.17793,2.09863,2.1579
QTUM,2023-08-29,2.15488,2.31814,2.10652,2.27943
QTUM,2023-08-30,2.27941,2.29077,2.22587,2.23
QTUM,2023-08-31,2.22372,2.2354,2.13061,2.15542
QTUM,2023-09-01,2.15452,2.17053,2.05153,2.07214
QTUM,2023-09-02,2.07204,2.08619,2.04654,2.08387
QTUM,2023-09-03,2.08387,2.11698,2.07531,2.09502
QTUM,2023-09-04,2.09482,2.16552,2.08552,2.08712
QTUM,2023-09-05,2.08502,2.21189,2.0771,2.17723
QTUM,2023-09-06,2.17733,2.21486,2.1195,2.15958
QTUM,2023-09-07,2.1597,2.1897,2.09948,2.17159
QTUM,2023-09-08,2.17218,2.20031,2.12366,2.1376
QTUM,2023-09-09,2.1376,2.17627,2.1335,2.14066
QTUM,2023-09-10,2.14101,2.14234,2.04179,2.08311
QTUM,2023-09-11,2.08351,2.10146,1.98027,1.99956
QTUM,2023-09-12,2.00016,2.105,2.00016,2.06603
QTUM,2023-09-13,2.06541,2.11056,2.05091,2.09352
QTUM,2023-09-14,2.09412,2.22162,2.08185,2.16143
QTUM,2023-09-15,2.16361,2.18877,2.14244,2.18494
QTUM,2023-09-16,2.18533,2.25764,2.18431,2.2006
QTUM,2023-09-17,2.2002,2.21429,2.09544,2.11451
QTUM,2023-09-18,2.11331,2.23019,2.1022,2.20525
QTUM,2023-09-19,2.20563,2.24813,2.179,2.22631
QTUM,2023-09-20,2.22621,2.23855,2.17744,2.22353
QTUM,2023-09-21,2.22343,2.26651,2.14671,2.17941
QTUM,2023-09-22,2.17943,2.22006,2.17083,2.21265
QTUM,2023-09-23,2.21275,2.23553,2.18901,2.19075
QTUM,2023-09-24,2.19085,2.22117,2.17312,2.19809
QTUM,2023-09-25,2.20021,2.20021,2.14179,2.15559
QTUM,2023-09-26,2.15549,2.17437,2.10827,2.12369
QTUM,2023-09-27,2.12359,2.19952,2.11546,2.14891
QTUM,2023-09-28,2.14861,2.25381,2.14861,2.22966
QTUM,2023-09-29,2.23203,2.26777,2.19651,2.22276
QTUM,2023-09-30,2.22276,2.24688,2.20702,2.22264
QTUM,2023-10-01,2.22264,2.42649,2.22252,2.33236
QTUM,2023-10-02,2.33328,2.43679,2.2784,2.28786
QTUM,2023-10-03,2.28666,2.39789,2.22422,2.2334
QTUM,2023-10-04,2.23108,2.2403,2.15279,2.23061
QTUM,2023-10-05,2.22979,2.26411,2.20958,2.24253
QTUM,2023-10-06,2.24181,2.28317,2.19693,2.27231
QTUM,2023-10-07,2.27043,2.28322,2.25282,2.2761
QTUM,2023-10-08,2.2773,2.29818,2.22911,2.26219
QTUM,2023-10-09,2.26049,2.26397,2.07486,2.12703
QTUM,2023-10-10,2.12665,2.1799,2.10653,2.13203
QTUM,2023-10-11,2.13191,2.14018,2.06717,2.09311
QTUM,2023-10-12,2.09701,2.12501,2.04905,2.12359
QTUM,2023-10-13,2.12379,2.17707,2.10498,2.16005
QTUM,2023-10-14,2.16172,2.16787,2.13465,2.15857
QTUM,2023-10-15,2.15867,2.18087,2.14168,2.16479
QTUM,2023-10-16,2.16479,2.2823,2.15569,2.2071
QTUM,2023-10-17,2.2071,2.24518,2.15087,2.19261
QTUM,2023-10-18,2.19181,2.22646,2.14843,2.15585
QTUM,2023-10-19,2.15585,2.17565,2.1096,2.13183
QTUM,2023-10-20,2.13193,2.27937,2.12641,2.24404
QTUM,2023-10-21,2.24412,2.33968,2.24388,2.31493
QTUM,2023-10-22,2.31483,2.33208,2.25544,2.26645
QTUM,2023-10-23,2.26627,2.42756,2.26351,2.39815
QTUM,2023-10-24,2.39785,2.52133,2.37931,2.45421
QTUM,2023-10-25,2.45391,2.49855,2.37691,2.44299
QTUM,2023-10-26,2.44389,2.51603,2.34635,2.4705
QTUM,2023-10-27,2.47302,2.70732,2.42118,2.7063
QTUM,2023-10-28,2.70612,3.32663,2.70312,3.17751
QTUM,2023-10-29,3.17854,3.18554,2.91447,3.01706
QTUM,2023-10-30,3.01405,3.11178,2.95636,3.06821
QTUM,2023-10-31,3.06854,3.12438,2.86386,3.11668
QTUM,2023-11-01,3.11851,3.56382,3.04741,3.51919
QTUM,2023-11-02,3.51879,3.52822,3.176,3.19342
QTUM,2023-11-03,3.19328,3.20215,2.95076,3.09661
QTUM,2023-11-04,3.09671,3.33193,2.89225,3.08102
QTUM,2023-11-05,3.08079,3.45949,3.00001,3.1235
QTUM,2023-11-06,3.11949,3.26056,3.07349,3.20587
QTUM,2023-11-07,3.2065,3.21097,2.98547,3.07068
QTUM,2023-11-08,3.07068,3.15727,3.03178,3.13889
QTUM,2023-11-09,3.13849,3.31049,2.85151,3.05898
QTUM,2023-11-10,3.05728,3.43329,3.04618,3.22768
QTUM,2023-11-11,3.22775,3.33864,3.08782,3.17809
QTUM,2023-11-12,3.17876,3.2604,3.04285,3.24113
QTUM,2023-11-13,3.2412,3.29207,3.07495,3.10101
QTUM,2023-11-14,3.1022,3.1985,2.99148,3.0747
QTUM,2023-11-15,3.0745,3.23369,3.06633,3.22235
QTUM,2023-11-16,3.22328,3.28162,3.02024,3.09214
QTUM,2023-11-17,3.09064,3.20775,2.96771,3.11793
QTUM,2023-11-18,3.12123,3.17274,2.96555,3.04549
QTUM,2023-11-19,3.04379,3.08878,2.95582,3.07885
QTUM,2023-11-20,3.07995,3.23649,3.07995,3.1951
QTUM,2023-11-21,3.1924,3.24133,2.87759,2.8985
QTUM,2023-11-22,2.90023,3.0922,2.87575,3.05742
QTUM,2023-11-23,3.05875,3.08877,2.99875,3.06213
QTUM,2023-11-24,3.06323,3.14788,3.06136,3.12807
QTUM,2023-11-25,3.128,3.35191,3.11466,3.32226
QTUM,2023-11-26,3.32396,3.36992,3.13722,3.22122
QTUM,2023-11-27,3.22022,3.22929,2.98839,3.04396
QTUM,2023-11-28,3.04336,3.06969,2.85497,3.03276
QTUM,2023-11-29,3.03366,3.07645,3.00857,3.04046
QTUM,2023-11-30,3.0405,3.0415,2.9814,3.01233
QTUM,2023-12-01,3.01254,3.05016,2.99957,3.03161
QTUM,2023-12-02,3.02921,3.12761,3.02898,3.1056
QTUM,2023-12-03,3.1057,3.20107,3.07131,3.13723
QTUM,2023-12-04,3.1373,3.19245,3.0522,3.11276
QTUM,2023-12-05,3.11482,3.2247,3.05758,3.16928
QTUM,2023-12-06,3.17128,3.26103,3.10943,3.21235
QTUM,2023-12-07,3.21535,3.34593,3.14544,3.27315
QTUM,2023-12-08,3.27214,3.44934,3.21752,3.41012
QTUM,2023-12-09,3.38452,3.58207,3.37118,3.50491
QTUM,2023-12-10,3.50291,3.59654,3.33163,3.4391
QTUM,2023-12-11,3.44317,3.45028,2.90517,3.11557
QTUM,2023-12-12,3.11757,3.16705,3.04771,3.10563
QTUM,2023-12-13,3.08541,3.187,2.99147,3.15503
QTUM,2023-12-14,3.15933,3.23742,3.10427,3.23182
QTUM,2023-12-15,3.23472,3.23752,3.11801,3.12238
QTUM,2023-12-16,3.12041,3.19435,3.06843,3.17496
QTUM,2023-12-17,3.17406,3.18857,3.09015,3.13687
QTUM,2023-12-18,3.13537,3.13537,2.86829,3.05738
QTUM,2023-12-19,3.06081,3.11525,2.99916,3.03375
QTUM,2023-12-20,3.03268,3.19408,3.00747,3.12382
QTUM,2023-12-21,3.12533,3.366,3.11279,3.28032
QTUM,2023-12-22,3.30263,3.34464,3.21148,3.31962
QTUM,2023-12-23,3.2963,3.34637,3.18934,3.29935
QTUM,2023-12-24,3.29671,3.32693,3.15175,3.17179
QTUM,2023-12-25,3.17426,3.41851,3.15592,3.38875
QTUM,2023-12-26,3.39271,3.47959,3.17011,3.38066
QTUM,2023-12-27,3.37766,3.71912,3.2269,3.59123
QTUM,2023-12-28,3.58994,3.75969,3.44914,3.4965
QTUM,2023-12-29,3.4985,3.53352,3.29423,3.34967
QTUM,2023-12-30,3.35367,3.5485,3.33997,3.4699
QTUM,2023-12-31,3.4699,3.84219,3.46893,3.65205
QTUM,2024-01-01,3.65509,3.78294,3.54979,3.65469
QTUM,2024-01-02,3.65473,3.76935,3.61053,3.66786
QTUM,2024-01-03,3.66686,3.75084,2.90319,3.26261
QTUM,2024-01-04,3.25947,3.29124,3.14401,3.26058
QTUM,2024-01-05,3.26134,3.27894,3.01535,3.11636
QTUM,2024-01-06,3.11776,3.17546,2.9538,3.1678
QTUM,2024-01-07,3.1628,3.20319,2.93916,2.95919
QTUM,2024-01-08,2.96219,3.11547,2.74948,3.11547
QTUM,2024-01-09,3.11147,3.14548,2.86922,2.98483
QTUM,2024-01-10,2.98242,3.19884,2.89038,3.1838
QTUM,2024-01-11,3.18393,3.43004,3.13921,3.2768
QTUM,2024-01-12,3.2724,3.45179,3.02912,3.10182
QTUM,2024-01-13,3.10297,3.15116,3.0297,3.13765
QTUM,2024-01-14,3.13555,3.16114,3.04994,3.07552
QTUM,2024-01-15,3.07452,3.14194,3.02309,3.09245
QTUM,2024-01-16,3.09525,3.17611,3.0556,3.1538
QTUM,2024-01-17,3.15619,3.20184,3.05299,3.11588
QTUM,2024-01-18,3.11428,3.18244,2.94855,2.99927
QTUM,2024-01-19,2.99737,3.06724,2.84168,3.0301
QTUM,2024-01-20,3.0299,3.07238,2.99817,3.07118
QTUM,2024-01-21,3.07058,3.09383,3.03169,3.03619
QTUM,2024-01-22,3.03619,3.04855,2.81177,2.86163
QTUM,2024-01-23,2.86173,2.899,2.64468,2.79474
QTUM,2024-01-24,2.79494,2.88009,2.78566,2.87191
QTUM,2024-01-25,2.87138,2.88502,2.76034,2.82048
QTUM,2024-01-26,2.81408,2.92957,2.77421,2.90979
QTUM,2024-01-27,2.90955,2.95626,2.89479,2.92607
QTUM,2024-01-28,2.92577,2.97585,2.84872,2.87074
QTUM,2024-01-29,2.86964,2.9588,2.8484,2.9485
QTUM,2024-01-30,2.94863,2.97626,2.90918,2.91784
QTUM,2024-01-31,2.92187,2.9464,2.79448,2.82961
QTUM,2024-02-01,2.82864,2.86769,2.78093,2.84258
QTUM,2024-02-02,2.84467,2.88887,2.83428,2.88867
QTUM,2024-02-03,2.88707,2.92288,2.88243,2.90141
QTUM,2024-02-04,2.90351,2.90981,2.81469,2.82931
QTUM,2024-02-05,2.82241,2.86966,2.77628,2.80642
QTUM,2024-02-06,2.80452,2.86937,2.80298,2.85951
QTUM,2024-02-07,2.85931,2.91005,2.8089,2.89722
QTUM,2024-02-08,2.89752,2.97059,2.89712,2.93092
QTUM,2024-02-09,2.93209,3.02567,2.92719,3.00777
QTUM,2024-02-10,3.00827,3.03189,2.93614,3.00447
QTUM,2024-02-11,3.00924,3.04109,2.96476,2.98707
QTUM,2024-02-12,2.98717,3.0739,2.94973,3.07235
QTUM,2024-02-13,3.07345,3.07995,2.9552,3.04059
QTUM,2024-02-14,3.02818,3.11374,3.00462,3.10288
QTUM,2024-02-15,3.10492,3.60277,3.08975,3.30087
QTUM,2024-02-16,3.30184,3.46311,3.26523,3.33857
QTUM,2024-02-17,3.34057,3.35648,3.17327,3.29276
QTUM,2024-02-18,3.29176,3.40912,3.26665,3.33237
QTUM,2024-02-19,3.3344,3.39734,3.2893,3.37281
QTUM,2024-02-20,3.37281,3.41738,3.16182,3.36867
QTUM,2024-02-21,3.36667,3.41997,3.18597,3.279
QTUM,2024-02-22,3.28,3.38058,3.18403,3.27795
QTUM,2024-02-23,3.27795,3.28979,3.13294,3.20455
QTUM,2024-02-24,3.20152,3.30747,3.16078,3.28397
QTUM,2024-02-25,3.284,3.50589,3.25397,3.41386
QTUM,2024-02-26,3.41383,3.45331,3.27633,3.4352
QTUM,2024-02-27,3.43823,3.58915,3.36181,3.46539
QTUM,2024-02-28,3.46338,3.84642,3.32593,3.54748
QTUM,2024-02-29,3.55248,3.85762,3.53644,3.59512
QTUM,2024-03-01,3.59408,3.93214,3.59212,3.91101
QTUM,2024-03-02,3.91597,4.26552,3.91593,4.23197
QTUM,2024-03-03,4.23214,4.38916,3.78374,4.2189
QTUM,2024-03-04,4.2229,6.24131,4.14166,5.24877
QTUM,2024-03-05,5.25277,6.1523,4.29639,4.81232
QTUM,2024-03-06,4.81127,5.05366,4.54072,4.97073
QTUM,2024-03-07,4.96548,5.09869,4.72541,5.0042
QTUM,2024-03-08,5.00114,5.25304,4.7961,5.05602
QTUM,2024-03-09,5.06604,5.34853,5.02889,5.26024
QTUM,2024-03-10,5.25918,5.41075,4.88671,4.91717
QTUM,2024-03-11,4.92533,5.29548,4.78135,5.25605
QTUM,2024-03-12,5.26205,5.34001,4.88254,5.29537
QTUM,2024-03-13,5.29737,5.54549,5.25994,5.50575
QTUM,2024-03-14,5.50375,5.5227,4.88382,5.15514
QTUM,2024-03-15,5.15214,5.22586,4.4404,4.9555
QTUM,2024-03-16,4.95345,5.0941,4.36733,4.45124
QTUM,2024-03-17,4.44737,4.67143,4.11649,4.60351
QTUM,2024-03-18,4.61269,4.69276,4.25115,4.31574
QTUM,2024-03-19,4.31574,4.39043,3.7816,3.87159
QTUM,2024-03-20,3.87159,4.28394,3.72252,4.257
QTUM,2024-03-21,4.25502,4.34704,4.1503,4.22703
QTUM,2024-03-22,4.23198,4.32478,3.99952,4.0749
QTUM,2024-03-23,4.0749,4.37222,4.0729,4.334
QTUM,2024-03-24,4.334,4.43878,4.25709,4.42173
QTUM,2024-03-25,4.42473,4.60393,4.34104,4.57069
QTUM,2024-03-26,4.56969,4.88856,4.51581,4.78005
QTUM,2024-03-27,4.7771,4.81833,4.488,4.59934
QTUM,2024-03-28,4.5993,4.8132,4.45242,4.80501
QTUM,2024-03-29,4.80401,4.96469,4.66975,4.92436
QTUM,2024-03-30,4.92136,4.93337,4.68315,4.69683
QTUM,2024-03-31,4.69383,4.83286,4.66982,4.79658
QTUM,2024-04-01,4.80558,4.93294,4.37478,4.49571
QTUM,2024-04-02,4.49366,4.53068,4.05354,4.18367
QTUM,2024-04-03,4.18467,4.27105,4.0248,4.10819
QTUM,2024-04-04,4.10919,4.35618,4.02873,4.21601
QTUM,2024-04-05,4.22042,4.30446,4.06898,4.26545
QTUM,2024-04-06,4.26228,4.3614,4.20085,4.28803
QTUM,2024-04-07,4.28377,4.39792,4.28377,4.32739
QTUM,2024-04-08,4.32735,5.18934,4.24234,5.0697
QTUM,2024-04-09,5.0707,5.13874,4.5927,4.60288
QTUM,2024-04-10,4.60388,5.30199,4.50456,4.97285
QTUM,2024-04-11,4.96585,5.53678,4.9427,5.10136
QTUM,2024-04-12,5.10336,5.73365,4.31823,4.64239
QTUM,2024-04-13,4.64339,4.71061,3.35303,3.66196
QTUM,2024-04-14,3.66296,3.95101,3.51433,3.84315
QTUM,2024-04-15,3.83515,4.7486,3.83515,4.15471
QTUM,2024-04-16,4.15271,4.27085,3.81911,4.04981
QTUM,2024-04-17,4.04881,4.05738,3.658,3.83558
QTUM,2024-04-18,3.83958,4.09746,3.59168,4.04521
QTUM,2024-04-19,4.03521,4.25787,3.69841,4.08026
QTUM,2024-04-20,4.08235,4.27907,3.95554,4.22227
QTUM,2024-04-21,4.22927,4.34187,4.09594,4.23172
QTUM,2024-04-22,4.22572,4.3898,4.17571,4.34426
QTUM,2024-04-23,4.34726,4.49975,4.19393,4.25587
QTUM,2024-04-24,4.24892,4.29074,3.97318,4.06326
QTUM,2024-04-25,4.06026,4.07364,3.8773,4.04665
QTUM,2024-04-26,4.03766,4.06478,3.862,4.03962
QTUM,2024-04-27,4.0336,4.0336,3.80581,3.96743
QTUM,2024-04-28,3.97422,4.13328,3.94027,4.02858
QTUM,2024-04-29,4.02958,4.20084,3.821,3.945
QTUM,2024-04-30,3.94582,4.07561,3.59544,3.66123
QTUM,2024-05-01,3.65824,3.72622,3.35001,3.55965
QTUM,2024-05-02,3.55865,3.61807,3.40253,3.60418
QTUM,2024-05-03,3.60414,3.81464,3.52835,3.77058
QTUM,2024-05-04,3.77262,3.81634,3.72033,3.73637
QTUM,2024-05-05,3.74117,3.8123,3.65844,3.74741
QTUM,2024-05-06,3.75045,3.905,3.6677,3.72907
QTUM,2024-05-07,3.72704,3.76636,3.61978,3.67489
QTUM,2024-05-08,3.67189,3.67189,3.51133,3.5469
QTUM,2024-05-09,3.5419,3.60478,3.44159,3.59742
QTUM,2024-05-10,3.59846,3.98264,3.51049,3.57293
QTUM,2024-05-11,3.57193,3.66516,3.49946,3.51723
QTUM,2024-05-12,3.51323,3.55158,3.44983,3.47351
QTUM,2024-05-13,3.47351,3.64034,3.318,3.5906
QTUM,2024-05-14,3.5916,3.6753,3.44093,3.46175
QTUM,2024-05-15,3.46172,3.67976,3.41488,3.64915
QTUM,2024-05-16,3.64985,3.67263,3.52596,3.60469
QTUM,2024-05-17,3.60512,3.75744,3.57001,3.70846
QTUM,2024-05-18,3.70636,3.85298,3.66434,3.70683
QTUM,2024-05-19,3.70433,3.73483,3.54966,3.56925
QTUM,2024-05-20,3.57009,3.86946,3.5182,3.86587
QTUM,2024-05-21,3.87347,3.97205,3.81177,3.88399
QTUM,2024-05-22,3.88499,3.90887,3.74644,3.84335
QTUM,2024-05-23,3.84538,3.85124,3.53146,3.71462
QTUM,2024-05-24,3.71762,3.79757,3.59956,3.76455
QTUM,2024-05-25,3.76355,3.80543,3.74829,3.75825
QTUM,2024-05-26,3.76241,3.77402,3.6571,3.69759
QTUM,2024-05-27,3.69636,3.84504,3.65371,3.8211
QTUM,2024-05-28,3.81311,3.83409,3.67739,3.74205
QTUM,2024-05-29,3.74205,3.78961,3.65131,3.67795
QTUM,2024-05-30,3.67791,3.70851,3.53188,3.5967
QTUM,2024-05-31,3.59374,3.59374,3.45117,3.50482
QTUM,2024-06-01,3.50486,3.51595,3.47046,3.49828
QTUM,2024-06-02,3.49868,3.51179,3.41468,3.42678
QTUM,2024-06-03,3.42918,3.53736,3.40499,3.47344
QTUM,2024-06-04,3.47144,3.5294,3.42917,3.5168
QTUM,2024-06-05,3.5207,3.62638,3.51246,3.59136
QTUM,2024-06-06,3.58932,3.61132,3.49581,3.54786
QTUM,2024-06-07,3.54483,3.64127,3.03854,3.27372
QTUM,2024-06-08,3.27579,3.29955,3.08138,3.10066
QTUM,2024-06-09,3.09963,3.15762,3.07663,3.15653
QTUM,2024-06-10,3.15392,3.18833,3.05748,3.12403
QTUM,2024-06-11,3.12316,3.12316,2.89961,2.98147
QTUM,2024-06-12,2.98154,3.13054,2.90274,3.07399
QTUM,2024-06-13,3.07449,3.09512,2.95618,2.9924
QTUM,2024-06-14,2.9937,3.02494,2.80688,2.89897
QTUM,2024-06-15,2.90037,2.96216,2.87056,2.94122
QTUM,2024-06-16,2.94312,2.97664,2.89893,2.95953
QTUM,2024-06-17,2.96752,2.99808,2.66952,2.78272
QTUM,2024-06-18,2.78342,2.79039,2.37005,2.51062
QTUM,2024-06-19,2.51162,2.58504,2.47908,2.54668
QTUM,2024-06-20,2.54658,2.63304,2.48961,2.5324
QTUM,2024-06-21,2.5342,2.59117,2.50225,2.54462
QTUM,2024-06-22,2.54452,2.56184,2.51907,2.55848
QTUM,2024-06-23,2.55582,2.60468,2.51966,2.54464
QTUM,2024-06-24,2.54454,2.54454,2.37426,2.4637
QTUM,2024-06-25,2.4674,2.60059,2.46158,2.57891
QTUM,2024-06-26,2.57921,2.61229,2.51105,2.57045
QTUM,2024-06-27,2.57012,2.62642,2.52005,2.61718
QTUM,2024-06-28,2.61764,2.66136,2.57558,2.59523
QTUM,2024-06-29,2.59503,2.61143,2.51692,2.51791
QTUM,2024-06-30,2.51859,2.57251,2.48657,2.5604
QTUM,2024-07-01,2.56482,2.64685,2.54119,2.58313
QTUM,2024-07-02,2.58203,2.58573,2.52609,2.57038
QTUM,2024-07-03,2.57048,2.58122,2.42835,2.46666
QTUM,2024-07-04,2.46623,2.46786,2.21467,2.25064
QTUM,2024-07-05,2.25274,2.26711,1.89049,2.16713
QTUM,2024-07-06,2.16219,2.28127,2.13826,2.26307
QTUM,2024-07-07,2.26165,2.29341,2.11919,2.14266
QTUM,2024-07-08,2.14189,2.25795,2.03022,2.1815
QTUM,2024-07-09,2.1791,2.25255,2.16571,2.23826
QTUM,2024-07-10,2.23788,2.30212,2.21947,2.25142
QTUM,2024-07-11,2.25252,2.33627,2.24293,2.25633
QTUM,2024-07-12,2.25455,2.32943,2.23097,2.31124
QTUM,2024-07-13,2.30884,2.39758,2.30786,2.3353
QTUM,2024-07-14,2.3339,2.4416,2.32462,2.44148
QTUM,2024-07-15,2.43988,2.52469,2.43788,2.51546
QTUM,2024-07-16,2.51623,2.60675,2.46471,2.56944
QTUM,2024-07-17,2.56994,2.7474,2.55209,2.67124
QTUM,2024-07-18,2.67024,2.84394,2.6069,2.66247
QTUM,2024-07-19,2.66247,2.7514,2.58948,2.73915
QTUM,2024-07-20,2.74675,2.81154,2.68494,2.71864
QTUM,2024-07-21,2.71817,2.79859,2.62442,2.79456
QTUM,2024-07-22,2.79859,2.81386,2.67217,2.70781
QTUM,2024-07-23,2.70821,2.74612,2.54493,2.59711
QTUM,2024-07-24,2.59921,2.70717,2.58202,2.60246
QTUM,2024-07-25,2.60273,2.6156,2.37703,2.45799
QTUM,2024-07-26,2.45916,2.5886,2.45224,2.5825
QTUM,2024-07-27,2.5829,2.77992,2.58267,2.74702
QTUM,2024-07-28,2.75027,2.77294,2.64697,2.67176
QTUM,2024-07-29,2.67113,2.79142,2.65215,2.7275
QTUM,2024-07-30,2.7284,2.77888,2.62741,2.656
QTUM,2024-07-31,2.6559,2.70893,2.56292,2.59337
QTUM,2024-08-01,2.59187,2.59899,2.34677,2.48996
QTUM,2024-08-02,2.49101,2.53669,2.30963,2.3412
QTUM,2024-08-03,2.34041,2.35103,2.15356,2.18952
QTUM,2024-08-04,2.18742,2.26941,2.03425,2.14838
QTUM,2024-08-05,2.14938,2.18217,1.79286,1.99438
QTUM,2024-08-06,1.99838,2.1024,1.99058,2.07179
QTUM,2024-08-07,2.07179,2.1674,2.00802,2.0498
QTUM,2024-08-08,2.0469,2.22064,2.00824,2.21767
QTUM,2024-08-09,2.21564,2.25954,2.17467,2.22069
QTUM,2024-08-10,2.22669,2.26214,2.20805,2.25263
QTUM,2024-08-11,2.25353,2.2876,2.11073,2.12461
QTUM,2024-08-12,2.12331,2.24133,2.10039,2.18274
QTUM,2024-08-13,2.18254,2.26413,2.15851,2.24807
QTUM,2024-08-14,2.24837,2.4974,2.22742,2.33519
QTUM,2024-08-15,2.33421,2.35742,2.19228,2.20942
QTUM,2024-08-16,2.2094,2.29516,2.16741,2.24363
QTUM,2024-08-17,2.24481,2.24598,2.18531,2.2262
QTUM,2024-08-18,2.2262,2.25268,2.2042,2.24115
QTUM,2024-08-19,2.2445,2.34345,2.19888,2.32291
QTUM,2024-08-20,2.32281,2.46786,2.31808,2.38902
QTUM,2024-08-21,2.39202,2.52971,2.36324,2.50423
QTUM,2024-08-22,2.50923,2.53535,2.48169,2.51913
QTUM,2024-08-23,2.51713,2.64011,2.48622,2.63908
QTUM,2024-08-24,2.63908,2.71095,2.61589,2.62492
QTUM,2024-08-25,2.63458,2.68091,2.55487,2.67594
QTUM,2024-08-26,2.68094,2.68294,2.49147,2.50745
QTUM,2024-08-27,2.50445,2.5363,2.36098,2.38602
QTUM,2024-08-28,2.38272,2.39286,2.23918,2.30521
QTUM,2024-08-29,2.30721,2.3745,2.25314,2.27898
QTUM,2024-08-30,2.27798,2.35498,2.24348,2.3437
QTUM,2024-08-31,2.34067,2.3556,2.26389,2.28357
QTUM,2024-09-01,2.28423,2.28423,2.16961,2.2086
QTUM,2024-09-02,2.2096,2.26859,2.13483,2.25162
QTUM,2024-09-03,2.25262,2.27982,2.15724,2.18739
QTUM,2024-09-04,2.18729,2.21404,2.04945,2.19784
QTUM,2024-09-05,2.19946,2.25584,2.12853,2.15023
QTUM,2024-09-06,2.15057,2.18944,2.01463,2.06623
QTUM,2024-09-07,2.06862,2.12999,2.05683,2.10139
QTUM,2024-09-08,2.10339,2.177,2.08887,2.17098
QTUM,2024-09-09,2.17141,2.29398,2.16907,2.27521
QTUM,2024-09-10,2.27584,2.27839,2.22201,2.26232
QTUM,2024-09-11,2.26234,2.27259,2.17823,2.2261
QTUM,2024-09-12,2.22535,2.28463,2.2206,2.26322
QTUM,2024-09-13,2.26492,2.32176,2.23891,2.31433
QTUM,2024-09-14,2.31563,2.35275,2.28191,2.29151
QTUM,2024-09-15,2.29241,2.31644,2.20929,2.22502
QTUM,2024-09-16,2.22302,2.23267,2.16478,2.18159
QTUM,2024-09-17,2.18259,2.27473,2.1681,2.2729
QTUM,2024-09-18,2.26873,2.28233,2.1803,2.26247
QTUM,2024-09-19,2.26363,2.42241,2.26139,2.40324
QTUM,2024-09-20,2.40226,2.49617,2.37833,2.44422
QTUM,2024-09-21,2.44524,2.56618,2.44222,2.50625
QTUM,2024-09-22,2.50725,2.54423,2.42998,2.434
QTUM,2024-09-23,2.43386,2.53282,2.40109,2.5291
QTUM,2024-09-24,2.52967,2.62274,2.47865,2.56087
QTUM,2024-09-25,2.56892,2.61684,2.52982,2.54759
QTUM,2024-09-26,2.54819,2.64903,2.48555,2.63186
QTUM,2024-09-27,2.63306,2.73385,2.61918,2.70019
QTUM,2024-09-28,2.70059,2.73163,2.59834,2.64429
QTUM,2024-09-29,2.65147,2.69408,2.60226,2.67793
QTUM,2024-09-30,2.67746,2.80206,2.56914,2.68814
QTUM,2024-10-01,2.68814,2.72467,2.32737,2.39838
QTUM,2024-10-02,2.39438,2.51642,2.34074,2.36938
QTUM,2024-10-03,2.36536,2.39264,2.25737,2.32172
QTUM,2024-10-04,2.31372,2.38483,2.29366,2.37098
QTUM,2024-10-05,2.37098,2.42385,2.34462,2.36462
QTUM,2024-10-06,2.3596,2.44031,2.35835,2.41079
QTUM,2024-10-07,2.41249,2.5156,2.41079,2.49525
QTUM,2024-10-08,2.49625,2.54303,2.40446,2.44224
QTUM,2024-10-09,2.44122,2.45648,2.31496,2.32895
QTUM,2024-10-10,2.32795,2.36744,2.2919,2.36644
QTUM,2024-10-11,2.36544,2.50532,2.35545,2.49865
QTUM,2024-10-12,2.50067,2.57392,2.48835,2.53124
QTUM,2024-10-13,2.52622,2.53319,2.42554,2.46199
QTUM,2024-10-14,2.46285,2.59059,2.43298,2.59059
QTUM,2024-10-15,2.58959,2.62513,2.47131,2.53234
QTUM,2024-10-16,2.53037,2.58448,2.51607,2.53347
QTUM,2024-10-17,2.53449,2.54549,2.4252,2.46111
QTUM,2024-10-18,2.46274,2.53864,2.46111,2.5307
QTUM,2024-10-19,2.52997,2.58666,2.5273,2.55539
QTUM,2024-10-20,2.55277,2.63421,2.52422,2.63013
QTUM,2024-10-21,2.63013,2.67382,2.53194,2.55992
QTUM,2024-10-22,2.55995,2.56495,2.45026,2.46625
QTUM,2024-10-23,2.46622,2.48623,2.32867,2.38447
QTUM,2024-10-24,2.38242,2.43317,2.32435,2.40953
QTUM,2024-10-25,2.41153,2.4135,2.28485,2.3268
QTUM,2024-10-26,2.32581,2.32882,2.14121,2.21609
QTUM,2024-10-27,2.21909,2.26995,2.21201,2.26487
QTUM,2024-10-28,2.26144,2.29239,2.19463,2.2844
QTUM,2024-10-29,2.28671,2.41361,2.28249,2.40323
QTUM,2024-10-30,2.40523,2.41913,2.35625,2.36224
QTUM,2024-10-31,2.36224,2.37226,2.20395,2.23307
QTUM,2024-11-01,2.23507,2.26861,2.17117,2.20738
QTUM,2024-11-02,2.20668,2.23343,2.1668,2.18959
QTUM,2024-11-03,2.18946,2.19667,2.07232,2.14316
QTUM,2024-11-04,2.14214,2.16965,2.05654,2.09636
QTUM,2024-11-05,2.09267,2.22112,2.08559,2.20054
QTUM,2024-11-06,2.19814,2.36772,2.19196,2.36652
QTUM,2024-11-07,2.37042,2.43712,2.32514,2.3992
QTUM,2024-11-08,2.4022,2.45877,2.36479,2.45349
QTUM,2024-11-09,2.45469,2.48219,2.4017,2.47772
QTUM,2024-11-10,2.47874,2.75682,2.47219,2.62047
QTUM,2024-11-11,2.62347,2.92616,2.61546,2.82725
QTUM,2024-11-12,2.82627,2.89347,2.58027,2.74879
QTUM,2024-11-13,2.74879,2.76457,2.49654,2.57881
QTUM,2024-11-14,2.5748,2.99981,2.55689,2.75433
QTUM,2024-11-15,2.75233,2.87283,2.61576,2.86486
QTUM,2024-11-16,2.86986,3.21277,2.84036,3.18311
QTUM,2024-11-17,3.17111,3.25611,2.874,2.90009
QTUM,2024-11-18,2.90112,3.30098,2.89312,3.25693
QTUM,2024-11-19,3.26193,3.34467,3.04128,3.07891
QTUM,2024-11-20,3.08983,3.1341,2.9135,3.00307
QTUM,2024-11-21,3.00207,3.35257,2.88348,3.25706
QTUM,2024-11-22,3.25906,3.47344,3.23907,3.4626
QTUM,2024-11-23,3.4626,3.90429,3.4626,3.70199
QTUM,2024-11-24,3.70099,3.9827,3.42692,3.74374
QTUM,2024-11-25,3.74274,3.87448,3.4982,3.6071
QTUM,2024-11-26,3.6001,3.72975,3.34983,3.5117
QTUM,2024-11-27,3.5137,3.7067,3.4683,3.7047
QTUM,2024-11-28,3.7037,3.79352,3.58575,3.71019
QTUM,2024-11-29,3.70619,3.90177,3.59732,3.88083
QTUM,2024-11-30,3.88183,3.98952,3.82134,3.92557
QTUM,2024-12-01,3.93053,4.02794,3.77319,3.97603
QTUM,2024-12-02,3.98507,4.35344,3.805,4.24853
QTUM,2024-12-03,4.25549,5.18963,4.09188,5.11042
QTUM,2024-12-04,5.12433,5.74573,4.86194,5.06483
QTUM,2024-12-05,5.06683,5.07384,4.6194,4.80197
QTUM,2024-12-06,4.80239,5.00285,4.52771,4.85894
QTUM,2024-12-07,4.84587,4.98542,4.76004,4.82337
QTUM,2024-12-08,4.82638,5.04152,4.73984,5.0098
QTUM,2024-12-09,5.00375,5.02852,3.35453,3.96619
QTUM,2025-01-27,2.93496,2.93496,2.62219,2.84329
QTUM,2025-01-28,2.84932,2.87177,2.71461,2.75221
QTUM,2025-01-29,2.74272,2.95183,2.68275,2.78879
QTUM,2025-01-30,2.78489,2.94667,2.72895,2.88796
QTUM,2025-01-31,2.89429,4.06596,2.81983,3.59296
QTUM,2025-02-01,3.584,4.95016,3.37199,3.89906
QTUM,2025-02-02,3.89606,4.08963,2.92688,3.0001
QTUM,2025-02-03,3.0021,3.18024,2.28029,3.12509
QTUM,2025-02-04,3.11815,3.73232,3.06619,3.4097
QTUM,2025-02-05,3.41767,3.65184,3.11741,3.18926
QTUM,2025-02-06,3.20419,3.71726,3.16913,3.25923
QTUM,2025-02-07,3.26023,3.35281,3.05921,3.09909
QTUM,2025-02-08,3.09809,3.18387,2.93371,2.98324
QTUM,2025-02-09,2.98024,3.09249,2.70622,2.78333
QTUM,2025-02-10,2.77833,3.05237,2.70951,2.98351
QTUM,2025-02-11,2.97654,3.64555,2.93541,3.26064
QTUM,2025-02-12,3.26461,4.08847,3.10504,3.37324
QTUM,2025-02-13,3.37724,3.45879,3.19129,3.26903
QTUM,2025-02-14,3.26907,3.44986,3.24429,3.34257
QTUM,2025-02-15,3.34457,3.54735,3.24836,3.27123
QTUM,2025-02-16,3.26823,3.28643,3.17013,3.19635
QTUM,2025-02-17,3.19532,3.36287,3.16525,3.3001
QTUM,2025-02-18,3.30313,3.51575,3.03688,3.10907
QTUM,2025-02-19,3.10507,3.35936,3.06462,3.24658
QTUM,2025-02-20,3.24655,3.32273,3.20587,3.29049
QTUM,2025-02-21,3.29049,3.33793,3.02424,3.07203
QTUM,2025-02-22,3.071,3.0876,2.97579,3.0876
QTUM,2025-02-23,3.03439,3.04273,2.95034,2.9702
QTUM,2025-02-24,2.9763,3.01165,2.60999,2.62774
QTUM,2025-02-25,2.63484,2.7422,2.47788,2.64932
QTUM,2025-02-26,2.64835,2.66539,2.44207,2.57233
QTUM,2025-02-27,2.57558,2.64755,2.51767,2.58558
QTUM,2025-02-28,2.57849,2.59167,2.33802,2.54022
QTUM,2025-03-01,2.53822,2.5722,2.44427,2.52548
QTUM,2025-03-02,2.52698,2.73618,2.48251,2.72436
QTUM,2025-03-03,2.72336,2.72963,2.26119,2.31169
QTUM,2025-03-04,2.30692,2.36636,2.14428,2.33451
QTUM,2025-03-05,2.33607,2.38964,2.27454,2.36973
QTUM,2025-03-06,2.37231,2.42588,2.28958,2.32838
QTUM,2025-03-07,2.32785,2.38802,2.1988,2.327
QTUM,2025-03-08,2.325,2.325,2.22542,2.23828
QTUM,2025-03-09,2.2432,2.26219,2.03398,2.03598
QTUM,2025-03-10,2.03698,2.18019,1.94444,2.0002
QTUM,2025-03-11,2.004,2.1744,1.88808,2.13952
QTUM,2025-03-12,2.13822,2.15282,2.04642,2.14149
QTUM,2025-03-13,2.13929,2.14034,2.03903,2.09594
QTUM,2025-03-14,2.09601,2.1875,2.08784,2.17152
QTUM,2025-03-15,2.17162,2.21884,2.1382,2.20963
QTUM,2025-03-16,2.20786,2.26962,2.10527,2.10577
QTUM,2025-03-17,2.10877,2.23855,2.09457,2.20455
QTUM,2025-03-18,2.20485,2.22587,2.12655,2.22061
QTUM,2025-03-19,2.22041,2.37091,2.20777,2.2803
QTUM,2025-03-20,2.28267,2.39903,2.19843,2.21381
QTUM,2025-03-21,2.21381,2.23198,2.13192,2.15031
QTUM,2025-03-22,2.14911,2.18159,2.13412,2.14376
QTUM,2025-03-23,2.14376,2.16273,2.11485,2.14696
QTUM,2025-03-24,2.14706,2.25827,2.12218,2.24168
QTUM,2025-03-25,2.24248,2.25231,2.2032,2.243
QTUM,2025-03-26,2.24448,2.27155,2.18522,2.20646
QTUM,2025-03-27,2.20738,2.24496,2.15717,2.21126
QTUM,2025-03-28,2.21008,2.21506,2.01389,2.05601
QTUM,2025-03-29,2.05597,2.06715,1.91445,1.92045
QTUM,2025-03-30,1.91826,1.9937,1.91776,1.93394
QTUM,2025-03-31,1.93444,1.96181,1.88005,1.90864
QTUM,2025-04-01,1.90994,2.05349,1.89694,1.9818
QTUM,2025-04-02,1.9818,1.994,1.88788,1.89356
QTUM,2025-04-03,1.89346,1.89445,1.7886,1.85004
QTUM,2025-04-04,1.85404,1.89606,1.80368,1.88596
QTUM,2025-04-05,1.88566,1.90112,1.85606,1.86297
QTUM,2025-04-06,1.86305,1.92534,1.72004,1.73806
QTUM,2025-04-07,1.73516,1.80425,1.57682,1.74166
QTUM,2025-04-08,1.7471,1.80786,1.68245,1.72187
QTUM,2025-04-09,1.72192,1.93613,1.64242,1.92941
QTUM,2025-04-10,1.92843,1.96959,1.84208,1.88358
QTUM,2025-04-11,1.88456,1.96567,1.85661,1.93579
QTUM,2025-04-12,1.93622,2.02409,1.9027,2.01699
QTUM,2025-04-13,2.01869,2.18446,1.96231,1.9887
QTUM,2025-04-14,1.9901,2.0088,1.9356,1.96299
QTUM,2025-04-15,1.96359,1.9845,1.93139,1.96429
QTUM,2025-04-16,1.95669,1.9928,1.91201,1.9832
QTUM,2025-04-17,1.9835,2.0004,1.92931,1.9853
QTUM,2025-04-18,1.9844,2.1922,1.97001,2.11751
QTUM,2025-04-19,2.11741,2.19012,2.0935,2.1404
QTUM,2025-04-20,2.1361,2.16392,2.06151,2.08658
QTUM,2025-04-21,2.08608,2.1704,2.07222,2.10521
QTUM,2025-04-22,2.10301,2.22017,2.07631,2.21279
QTUM,2025-04-23,2.21621,2.27505,2.18952,2.21599
QTUM,2025-04-24,2.21691,2.26188,2.16513,2.24177
QTUM,2025-04-25,2.24177,2.31272,2.22835,2.28777
QTUM,2025-04-26,2.28847,2.37439,2.24822,2.25353
QTUM,2025-04-27,2.25393,2.3809,2.18312,2.20612
QTUM,2025-04-28,2.19842,2.25043,2.12541,2.21598
QTUM,2025-04-29,2.2184,2.23738,2.1749,2.18118
QTUM,2025-04-30,2.18068,2.19042,2.07441,2.13847
QTUM,2025-05-01,2.14017,2.2242,2.13679,2.21418
QTUM,2025-05-02,2.21598,2.22942,2.17822,2.20258
QTUM,2025-05-03,2.20248,2.21998,2.1072,2.1484
QTUM,2025-05-04,2.14809,2.15558,2.06119,2.08558
QTUM,2025-05-05,2.08148,2.14684,2.05478,2.11323
QTUM,2025-05-06,2.11523,2.12893,1.9746,1.9974
QTUM,2025-05-07,1.9947,2.11968,1.9947,2.0972
QTUM,2025-05-08,2.09849,2.46556,2.09699,2.37099
QTUM,2025-05-09,2.37285,2.498,2.35219,2.48545
QTUM,2025-05-10,2.4888,2.56239,2.45922,2.56074
QTUM,2025-05-11,2.55764,2.64881,2.4505,2.5199
QTUM,2025-05-12,2.52549,2.73943,2.45081,2.55733
QTUM,2025-05-13,2.54634,2.62887,2.40316,2.587
QTUM,2025-05-14,2.59134,2.61048,2.4694,2.50735
QTUM,2025-05-15,2.50545,2.52829,2.30987,2.3859
QTUM,2025-05-16,2.386,2.4451,2.33833,2.3875
QTUM,2025-05-17,2.3864,2.38796,2.25453,2.29657
QTUM,2025-05-18,2.29427,2.4312,2.22062,2.29313
QTUM,2025-05-19,2.29063,2.36587,2.19032,2.24582
QTUM,2025-05-20,2.25063,2.32703,2.21294,2.2836
QTUM,2025-05-21,2.2843,2.3427,2.25005,2.28058
QTUM,2025-05-22,2.27968,2.41622,2.27663,2.38095
QTUM,2025-05-23,2.37975,2.44804,2.2516,2.27998
QTUM,2025-05-24,2.28208,2.29238,2.22725,2.23782
QTUM,2025-05-25,2.23272,2.23472,2.14501,2.17172
QTUM,2025-05-26,2.17162,2.25368,2.17022,2.19676
QTUM,2025-05-27,2.19626,2.2769,2.14639,2.24355
QTUM,2025-05-28,2.24275,2.24525,2.13881,2.16883
QTUM,2025-05-29,2.16843,2.24507,2.13979,2.16747
QTUM,2025-05-30,2.16747,2.16747,2.0084,2.05338
QTUM,2025-05-31,2.05328,2.05469,1.92672,2.0041
QTUM,2025-06-01,2.0072,2.0201,1.96159,2.0119
QTUM,2025-06-02,2.0118,2.05921,1.9714,2.0495
QTUM,2025-06-03,2.05221,2.11905,2.05201,2.07184
QTUM,2025-06-04,2.07364,2.10914,2.02752,2.05163
QTUM,2025-06-05,2.05163,2.08385,1.92496,1.95729
QTUM,2025-06-06,1.95729,2.04644,1.93846,2.0034
QTUM,2025-06-07,2.0031,2.06536,1.98869,2.06024
QTUM,2025-06-08,2.06204,2.09867,2.03612,2.09506
QTUM,2025-06-09,2.09566,2.22102,2.03892,2.15963
QTUM,2025-06-10,2.16196,2.24355,2.16133,2.23222
QTUM,2025-06-11,2.23284,2.28509,2.18529,2.19208
QTUM,2025-06-12,2.1928,2.20618,2.10274,2.10505
QTUM,2025-06-13,2.10495,2.11805,1.94987,2.02942
QTUM,2025-06-14,2.02942,2.04303,1.9925,2.03522
QTUM,2025-06-15,2.03472,2.04564,1.9931,2.01151
QTUM,2025-06-16,2.0128,2.14963,2.0074,2.1422
QTUM,2025-06-17,2.14559,2.14872,1.92363,1.9948
QTUM,2025-06-18,1.9955,2.01791,1.91724,1.9794
QTUM,2025-06-19,1.97749,1.998,1.93515,1.97198
QTUM,2025-06-20,1.97719,2.007,1.89454,1.92481
QTUM,2025-06-21,1.92711,1.94797,1.81231,1.83163
QTUM,2025-06-22,1.82897,1.86086,1.72854,1.76326
QTUM,2025-06-23,1.76018,1.95266,1.76018,1.94696
QTUM,2025-06-24,1.94775,2.02022,1.94485,1.999
QTUM,2025-06-25,1.9992,2.01802,1.96846,1.98648
QTUM,2025-06-26,1.98298,2.02082,1.92353,1.94596
QTUM,2025-06-27,1.94496,1.97068,1.91503,1.93315
QTUM,2025-06-28,1.93315,1.96537,1.91783,1.95717
QTUM,2025-06-29,1.96027,1.98169,1.94896,1.98039
QTUM,2025-06-30,1.98129,2.04643,1.94108,1.96579
QTUM,2025-07-01,1.96278,1.97779,1.86713,1.88634
QTUM,2025-07-02,1.88784,2.08394,1.86114,2.07013
QTUM,2025-07-03,2.07604,2.07744,2.02492,2.05294
QTUM,2025-07-04,2.05693,2.05714,1.92348,1.94199
QTUM,2025-07-05,1.94208,1.966,1.91728,1.94658
QTUM,2025-07-06,1.94608,2.0033,1.93747,1.99049
QTUM,2025-07-07,1.9949,2.008,1.95578,1.96998
QTUM,2025-07-08,1.97008,2.0179,1.94368,2.0071
QTUM,2025-07-09,2.0133,2.37077,1.9929,2.13853
QTUM,2025-07-10,2.13863,2.21859,2.0472,2.21156
QTUM,2025-07-11,2.21386,2.30652,2.18572,2.23187
QTUM,2025-07-12,2.23727,2.29895,2.18888,2.22585
QTUM,2025-07-13,2.25145,2.34114,2.24495,2.28962
QTUM,2025-07-14,2.28544,2.36301,2.23495,2.2707
QTUM,2025-07-15,2.26283,2.31763,2.2017,2.292
QTUM,2025-07-16,2.28063,2.40446,2.27666,2.39116
QTUM,2025-07-17,2.39576,2.39626,2.26943,2.33907
QTUM,2025-07-18,2.34974,2.55423,2.33954,2.38098
QTUM,2025-07-19,2.39012,2.48494,2.34114,2.45606
QTUM,2025-07-20,2.45517,2.70562,2.45517,2.59538
QTUM,2025-07-21,2.56573,2.61725,2.50855,2.54867
QTUM,2025-07-22,2.54222,2.56218,2.41241,2.52076
QTUM,2025-07-23,2.52041,2.53892,2.26458,2.32283
QTUM,2025-07-24,2.32313,2.36051,2.18101,2.31516
QTUM,2025-07-25,2.29948,2.32019,2.21024,2.30573
QTUM,2025-07-26,2.30483,2.35064,2.29946,2.34457
QTUM,2025-07-27,2.34693,2.36651,2.31019,2.36241
QTUM,2025-07-28,2.36121,2.40096,2.20714,2.22362
QTUM,2025-07-29,2.22054,2.32073,2.17508,2.21266
QTUM,2025-07-30,2.20916,2.22248,2.07769,2.1607
QTUM,2025-07-31,2.15748,2.2351,2.126,2.14269
QTUM,2025-08-01,2.13759,2.14019,2.02969,2.05138
QTUM,2025-08-02,2.05158,2.08397,1.9657,2.0007
QTUM,2025-08-03,2.0009,2.0647,1.9719,2.05659
QTUM,2025-08-04,2.06199,2.12563,2.047,2.12392
QTUM,2025-08-05,2.12563,2.14913,2.0302,2.0342
QTUM,2025-08-06,2.0244,2.12171,2.0086,2.10203
QTUM,2025-08-07,2.09952,2.14843,2.04721,2.13597
QTUM,2025-08-08,2.13684,2.19236,2.11563,2.18264
QTUM,2025-08-09,2.18125,2.25298,2.17535,2.23029
QTUM,2025-08-10,2.22809,2.25655,2.15263,2.18914
QTUM,2025-08-11,2.19164,2.24407,2.0847,2.09341
QTUM,2025-08-12,2.0989,2.2331,2.05909,2.2178
QTUM,2025-08-13,2.2239,2.29832,2.20352,2.28211
QTUM,2025-08-14,2.28191,2.3312,2.07015,2.08716
QTUM,2025-08-15,2.08746,2.15535,2.009,2.06544
QTUM,2025-08-16,2.05953,2.16461,2.05923,2.15831
QTUM,2025-08-17,2.15803,2.21191,2.14942,2.15941
QTUM,2025-08-18,2.15859,2.18341,2.03552,2.09686
QTUM,2025-08-19,2.09526,2.11138,1.9916,2.0211
QTUM,2025-08-20,2.0201,2.17692,1.95949,2.13494
QTUM,2025-08-21,2.13804,2.45105,2.11401,2.33007
QTUM,2025-08-22,2.33027,2.35796,2.12629,2.3393
QTUM,2025-08-23,2.3392,2.8277,2.3383,2.56044
QTUM,2025-08-24,2.56044,3.493,2.43371,3.2937
QTUM,2025-08-25,3.28667,3.36866,2.92929,2.9533
QTUM,2025-08-26,2.95059,3.12521,2.83887,2.96089
QTUM,2025-08-27,2.96409,3.16143,2.79088,2.95129
QTUM,2025-08-28,2.95269,3.007,2.78928,2.80216
QTUM,2025-08-29,2.80188,3.0078,2.59312,2.6527
QTUM,2025-08-30,2.653,3.12331,2.63573,3.0093
QTUM,2025-08-31,3.0073,3.0223,2.74155,2.77195
QTUM,2025-09-01,2.77203,2.90038,2.53761,2.55046
QTUM,2025-09-02,2.54675,2.64576,2.53425,2.61658
QTUM,2025-09-03,2.61698,2.72992,2.56816,2.68257
QTUM,2025-09-04,2.68197,2.88824,2.64912,2.73425
QTUM,2025-09-05,2.73385,2.81446,2.65727,2.68844
QTUM,2025-09-06,2.68864,2.82516,2.67714,2.68474
QTUM,2025-09-07,2.68531,2.71634,2.66067,2.67377
QTUM,2025-09-08,2.67367,2.72224,2.63703,2.69257
QTUM,2025-09-09,2.69247,2.72467,2.58658,2.60982
QTUM,2025-09-10,2.60972,2.63793,2.55937,2.58698
QTUM,2025-09-11,2.58918,2.61825,2.54706,2.596
QTUM,2025-09-12,2.59504,2.62941,2.54392,2.6214
QTUM,2025-09-13,2.6216,2.6731,2.5745,2.62063
QTUM,2025-09-14,2.62303,2.63294,2.48189,2.52637
QTUM,2025-09-15,2.53162,2.54302,2.39146,2.43543
QTUM,2025-09-16,2.43437,2.45594,2.39656,2.44228
QTUM,2025-09-17,2.44358,2.47184,2.38749,2.46218
QTUM,2025-09-18,2.46443,2.5026,2.45843,2.49585
QTUM,2025-09-19,2.49175,2.5021,2.39324,2.40794
QTUM,2025-09-20,2.40964,2.42195,2.37706,2.39508
QTUM,2025-09-21,2.39668,2.40969,2.3382,2.35385
QTUM,2025-09-22,2.35154,2.36135,2.0874,2.17162
QTUM,2025-09-23,2.16903,2.20646,2.13203,2.17659
QTUM,2025-09-24,2.17509,2.28281,2.12046,2.23234
QTUM,2025-09-25,2.23504,2.24372,2.04273,2.07043
QTUM,2025-09-26,2.07194,2.19253,2.04373,2.18895
QTUM,2025-09-27,2.19253,2.20394,2.13858,2.1512
QTUM,2025-09-28,2.1497,2.16657,2.09576,2.15436
QTUM,2025-09-29,2.16076,2.20594,2.11926,2.19836
QTUM,2025-09-30,2.19634,2.19784,2.07775,2.12856
QTUM,2025-10-01,2.12835,2.25996,2.09744,2.24017
QTUM,2025-10-02,2.24277,2.30794,2.21817,2.28703
QTUM,2025-10-03,2.28743,2.31828,2.22442,2.28232
QTUM,2025-10-04,2.28272,2.29834,2.18935,2.21973
QTUM,2025-10-05,2.21973,2.29952,2.19328,2.2044
QTUM,2025-10-06,2.20958,2.28717,2.1927,2.26076
QTUM,2025-10-07,2.26428,2.27299,2.12127,2.12359
QTUM,2025-10-08,2.12559,2.43077,2.11048,2.36678
QTUM,2025-10-09,2.36658,2.48729,2.23629,2.37673
QTUM,2025-10-10,2.37723,2.4297,1.65229,2.16391
QTUM,2025-10-11,2.16758,2.41092,1.67066,1.85053
QTUM,2025-10-12,1.85422,2.10068,1.82801,2.08688
QTUM,2025-10-13,2.08888,2.15635,2.03893,2.13942
QTUM,2025-10-14,2.14173,2.19828,1.94676,2.07945
QTUM,2025-10-15,2.08574,2.10726,1.96948,1.98499
QTUM,2025-10-16,1.98739,2.04292,1.91375,1.94698
QTUM,2025-10-17,1.94618,1.96619,1.81068,1.92317
QTUM,2025-10-19,1.96188,2.0073,1.90977,1.989
QTUM,2025-10-20,1.9899,2.04192,1.94888,2.0068
QTUM,2025-10-21,2.0096,2.06983,1.92417,2.01831
QTUM,2025-10-22,2.01321,2.01541,1.87346,1.88795
QTUM,2025-10-23,1.88567,1.9956,1.86537,1.95748
QTUM,2025-10-24,1.95557,2.0126,1.95538,2.0089
QTUM,2025-10-25,2.0075,2.0095,1.97629,1.9942
QTUM,2025-10-26,1.9961,2.07032,1.97509,2.06941
QTUM,2025-10-27,2.06841,2.08332,1.9996,2.0097
QTUM,2025-10-28,2.0107,2.04091,1.94049,1.9771
QTUM,2025-10-29,1.97579,2.015,1.92809,1.9885
QTUM,2025-10-30,1.988,2.03621,1.76348,1.81062
QTUM,2025-10-31,1.8148,1.86995,1.803,1.84964
QTUM,2025-11-01,1.84886,1.92851,1.84662,1.92292
QTUM,2025-11-02,1.92292,1.94231,1.855,1.8837
QTUM,2025-11-03,1.8844,1.9087,1.67693,1.69993
QTUM,2025-11-04,1.7001,1.77764,1.59682,1.68543
QTUM,2025-11-05,1.68863,1.77638,1.6072,1.7744
QTUM,2025-11-06,1.77468,1.7838,1.68722,1.73518
QTUM,2025-11-07,1.73458,2.02319,1.71429,2.0041
QTUM,2025-11-08,2.0013,2.0104,1.88722,1.93801
QTUM,2025-11-09,1.93801,1.9477,1.86231,1.9232
QTUM,2025-11-10,1.9311,1.9853,1.9134,1.9691
QTUM,2025-11-11,1.966,1.9936,1.8662,1.89271
QTUM,2025-11-12,1.89121,1.9744,1.81738,1.86001
QTUM,2025-11-13,1.86081,1.88691,1.71778,1.76931
QTUM,2025-11-14,1.76892,1.80866,1.69896,1.73861
QTUM,2025-11-15,1.74001,1.78631,1.70328,1.75265
QTUM,2025-11-16,1.75205,1.76921,1.66986,1.70815
QTUM,2025-11-17,1.69802,1.78553,1.67399,1.69934
QTUM,2025-11-18,1.69884,1.77853,1.67266,1.74688
QTUM,2025-11-19,1.74505,1.74858,1.61671,1.67909
QTUM,2025-11-20,1.67909,1.73319,1.57458,1.64452
QTUM,2025-11-21,1.64276,1.64292,1.45165,1.51164
QTUM,2025-11-22,1.50865,1.55888,1.5025,1.55113
QTUM,2025-11-23,1.55213,1.57163,1.53289,1.54719
QTUM,2025-11-24,1.54919,1.59858,1.5066,1.58204
QTUM,2025-11-25,1.58244,1.61232,1.55289,1.60872
QTUM,2025-11-26,1.60732,1.6157,1.55274,1.60336
QTUM,2025-11-27,1.6031,1.6274,1.5896,1.60742
QTUM,2025-11-28,1.60992,1.64183,1.58506,1.61792
QTUM,2025-11-29,1.61632,1.62198,1.59098,1.59304
QTUM,2025-11-30,1.59114,1.60614,1.56001,1.56566
QTUM,2025-12-01,1.56406,1.56406,1.4001,1.44169
QTUM,2025-12-02,1.44169,1.54082,1.39584,1.52626
QTUM,2025-12-03,1.52666,1.56833,1.50025,1.56687
QTUM,2025-12-04,1.56687,1.57407,1.47524,1.49585
QTUM,2025-12-05,1.49455,1.5086,1.41482,1.44023
QTUM,2025-12-06,1.43928,1.44693,1.41788,1.43713
QTUM,2025-12-07,1.43627,1.44773,1.37281,1.40702
QTUM,2025-12-08,1.40692,1.46865,1.39948,1.44939
QTUM,2025-12-09,1.45439,1.54485,1.43649,1.50765
QTUM,2025-12-10,1.5063,1.52671,1.46755,1.48314
QTUM,2025-12-11,1.48204,1.48535,1.41658,1.45079
QTUM,2025-12-12,1.44969,1.46279,1.38308,1.41452
QTUM,2025-12-13,1.41462,1.61164,1.41312,1.51595
QTUM,2025-12-14,1.5157,1.55657,1.42133,1.42367
QTUM,2025-12-15,1.43213,1.48304,1.35967,1.37804
QTUM,2025-12-16,1.38054,1.39054,1.32733,1.3677
QTUM,2025-12-17,1.36636,1.37316,1.27187,1.28854
QTUM,2025-12-18,1.28804,1.3212,1.21124,1.24103
QTUM,2025-12-19,1.23883,1.32247,1.21801,1.3196
QTUM,2025-12-20,1.31627,1.31707,1.28761,1.29714
QTUM,2025-12-21,1.29664,1.29724,1.23605,1.24455
QTUM,2025-12-22,1.24775,1.28534,1.24375,1.26975
QTUM,2025-12-23,1.26985,1.27295,1.22621,1.2583
QTUM,2025-12-24,1.2573,1.26199,1.22046,1.26
QTUM,2025-12-25,1.25902,1.25902,1.22013,1.22383
QTUM,2025-12-26,1.22361,1.2522,1.18071,1.20582
QTUM,2025-12-27,1.20702,1.32374,1.19602,1.29408
QTUM,2025-12-28,1.29398,1.32504,1.25994,1.26877
QTUM,2025-12-29,1.26744,1.37,1.26204,1.30009
QTUM,2025-12-30,1.30039,1.30099,1.26104,1.27248
QTUM,2025-12-31,1.27214,1.6024,1.26597,1.3339
QTUM,2026-01-01,1.3354,1.36922,1.29232,1.33207
QTUM,2026-01-02,1.33463,1.38685,1.31595,1.38495
QTUM,2026-01-03,1.38229,1.40282,1.35326,1.37409
QTUM,2026-01-04,1.37359,1.40562,1.37275,1.39198
QTUM,2026-01-05,1.39348,1.46145,1.38105,1.4599
QTUM,2026-01-06,1.46005,1.6071,1.44624,1.51015
QTUM,2026-01-07,1.50785,1.58287,1.45083,1.46662
QTUM,2026-01-08,1.46052,1.49146,1.44331,1.47677
QTUM,2026-01-09,1.47712,1.49865,1.45534,1.49495
QTUM,2026-01-10,1.49725,1.51638,1.46713,1.48082
QTUM,2026-01-11,1.47872,1.52162,1.43418,1.43542
QTUM,2026-01-12,1.43342,1.4555,1.3835,1.39027
QTUM,2026-01-13,1.38907,1.48315,1.38773,1.479
QTUM,2026-01-14,1.4845,1.66223,1.46575,1.56106
QTUM,2026-01-15,1.5603,1.59086,1.42327,1.43291
QTUM,2026-01-16,1.43091,1.45076,1.39524,1.45016
QTUM,2026-01-17,1.45016,1.51339,1.44332,1.47361
QTUM,2026-01-18,1.47571,1.48461,1.42523,1.44072
QTUM,2026-01-19,1.43887,1.43887,1.29887,1.37225
QTUM,2026-01-20,1.37261,1.38363,1.29813,1.31088
QTUM,2026-01-21,1.30795,1.37077,1.29515,1.33393
QTUM,2026-01-22,1.3364,1.35145,1.27703,1.29532
QTUM,2026-01-23,1.2907,1.30948,1.25779,1.28227
QTUM,2026-01-24,1.2831,1.2967,1.27334,1.28172
QTUM,2026-01-25,1.28072,1.28645,1.20516,1.21615
QTUM,2026-01-26,1.21885,1.27071,1.21733,1.26292
QTUM,2026-01-27,1.26016,1.32777,1.23262,1.27708
QTUM,2026-01-28,1.27558,1.28394,1.23836,1.26194
QTUM,2026-01-29,1.26074,1.26473,1.1545,1.17231
QTUM,2026-01-30,1.17219,1.17251,1.12025,1.14672
QTUM,2026-01-31,1.1486,1.17978,0.9964,1.04786
QTUM,2026-02-01,1.05035,1.12099,1.05035,1.07574
QTUM,2026-02-02,1.07474,1.11235,1.01638,1.10785
QTUM,2026-02-03,1.10735,1.1127,1.02767,1.07941
QTUM,2026-02-04,1.07542,1.09526,1.01647,1.03073
QTUM,2026-02-05,1.03173,1.04721,0.857653,0.880389
QTUM,2026-02-06,0.878892,0.964611,0.780428,0.955422
QTUM,2026-02-07,0.957521,0.95952,0.911453,0.942623
QTUM,2026-02-08,0.940624,0.947631,0.917841,0.926429
QTUM,2026-02-09,0.932427,0.941323,0.893995,0.930528
QTUM,2026-02-10,0.931527,0.933526,0.891865,0.897641
QTUM,2026-02-11,0.897741,0.928635,0.868704,0.918832
QTUM,2026-02-12,0.917833,0.976716,0.912152,0.947526
QTUM,2026-02-13,0.94893,1.0004,0.934652,0.989102
QTUM,2026-02-14,0.990802,1.03459,0.989802,1.03348
QTUM,2026-02-15,1.02869,1.03389,0.968612,0.983706
QTUM,2026-02-16,0.978708,1.001699,0.972905,0.983605
QTUM,2026-02-17,0.983705,0.985804,0.953423,0.962707
QTUM,2026-02-18,0.962707,1.003399,0.945011,0.94951
QTUM,2026-02-19,0.94901,0.950305,0.910909,0.926707
QTUM,2026-02-20,0.9288,0.974903,0.9177,0.956404
QTUM,2026-02-21,0.955804,0.9692,0.945878,0.945878
QTUM,2026-02-22,0.943583,0.946189,0.905762,0.913765
QTUM,2026-02-23,0.9134,0.915492,0.867313,0.8823
QTUM,2026-02-24,0.887611,0.887755,0.847815,0.870422
QTUM,2026-02-25,0.869321,0.981789,0.866019,0.962581
QTUM,2026-02-26,0.964682,0.964782,0.903361,0.927263
QTUM,2026-02-27,0.925763,0.9513,0.896948,0.908054
QTUM,2026-02-28,0.910455,0.919235,0.84082,0.910728
QTUM,2026-03-01,0.910137,0.937362,0.872023,0.88881
QTUM,2026-03-02,0.890423,0.956382,0.890412,0.938156
QTUM,2026-03-03,0.930651,0.938263,0.888811,0.915883
QTUM,2026-03-04,0.916383,0.958475,0.89831,0.942683
QTUM,2026-03-05,0.942783,0.952095,0.913591,0.936394
QTUM,2026-03-06,0.935487,0.936194,0.877388,0.895379
QTUM,2026-03-07,0.895379,0.89739,0.861658,0.865673
QTUM,2026-03-08,0.86636,0.876163,0.849625,0.861831
QTUM,2026-03-09,0.863745,0.893479,0.854571,0.8711
QTUM,2026-03-10,0.8711,0.9054,0.867113,0.8784
QTUM,2026-03-11,0.8779,0.90138,0.873538,0.895679
QTUM,2026-03-12,0.897679,0.89808,0.871813,0.882276
QTUM,2026-03-13,0.883677,0.933787,0.882812,0.90359
QTUM,2026-03-14,0.90409,0.907381,0.874987,0.880488
QTUM,2026-03-15,0.880388,1.029103,0.878988,0.946789
QTUM,2026-03-16,0.94799,0.980294,0.9277,0.955091
QTUM,2026-03-17,0.952095,0.971903,0.929307,0.953805
QTUM,2026-03-18,0.9523,0.9527,0.8871,0.8933
QTUM,2026-03-19,0.8982,0.9199,0.845915,0.880988
QTUM,2026-03-20,0.8839,0.891,0.873438,0.884323
QTUM,2026-03-21,0.884123,0.889722,0.872825,0.874213
QTUM,2026-03-22,0.872825,0.873113,0.830017,0.8419
QTUM,2026-03-23,0.8425,0.890722,0.82577,0.883323
QTUM,2026-03-24,0.879324,0.936025,0.86724,0.926622
QTUM,2026-03-25,0.926429,0.943017,0.89991,0.910109
QTUM,2026-03-26,0.907909,0.926815,0.837749,0.850915
QTUM,2026-03-27,0.852729,0.853359,0.813974,0.820136
